time,suncheon_pm25,gwangyang_pm25,yeosu_pm25,upwind_pm25,upwind_station_count,wind_direction,wind_speed,temperature,humidity,precipitation
2026-06-23T00:00:00+09:00,,,,,0,75,1.96,18.6,96,0.0
2026-06-23T01:00:00+09:00,,,,,0,71,2.17,18.7,96,0.0
2026-06-23T02:00:00+09:00,,,,,0,70,2.45,18.7,97,0.0
2026-06-23T03:00:00+09:00,,,,,0,73,2.45,19.0,96,0.0
2026-06-23T04:00:00+09:00,,,,,0,76,3.09,19.0,96,0.0
2026-06-23T05:00:00+09:00,,,,,0,84,4.02,18.8,97,0.0
2026-06-23T06:00:00+09:00,,,,,0,80,4.11,18.6,96,0.0
2026-06-23T07:00:00+09:00,,,,,0,80,4.62,18.9,94,0.0
2026-06-23T08:00:00+09:00,,,,,0,73,5.85,19.9,87,0.0
2026-06-23T09:00:00+09:00,,,,,0,70,5.74,20.7,83,0.0
2026-06-23T10:00:00+09:00,,,,,0,75,6.67,21.7,76,0.0
2026-06-23T11:00:00+09:00,,,,,0,76,6.9,21.6,75,0.0
2026-06-23T12:00:00+09:00,,,,,0,76,7.57,22.2,72,0.0
2026-06-23T13:00:00+09:00,,,,,0,76,8.36,23.6,66,0.0
2026-06-23T14:00:00+09:00,,,,,0,79,7.07,23.5,68,0.0
2026-06-23T15:00:00+09:00,,,,,0,80,7.37,23.7,64,0.0
2026-06-23T16:00:00+09:00,,,,,0,82,7.48,23.5,66,0.0
2026-06-23T17:00:00+09:00,,,,,0,82,7.83,23.4,67,0.0
2026-06-23T18:00:00+09:00,,,,,0,79,6.97,22.6,71,0.0
2026-06-23T19:00:00+09:00,,,,,0,73,5.95,21.6,76,0.0
2026-06-23T20:00:00+09:00,,,,,0,73,6.15,20.8,78,0.0
2026-06-23T21:00:00+09:00,,,,,0,74,5.52,21.0,74,0.0
2026-06-23T22:00:00+09:00,,,,,0,71,5.34,20.6,76,0.0
2026-06-23T23:00:00+09:00,,,,,0,66,5.53,20.4,78,0.0
2026-06-24T00:00:00+09:00,,,,,0,65,5.86,20.0,79,0.0
2026-06-24T01:00:00+09:00,,,,,0,61,6.18,19.7,82,0.0
2026-06-24T02:00:00+09:00,,,,,0,59,5.94,19.6,83,0.1
2026-06-24T03:00:00+09:00,,,,,0,55,5.88,19.8,78,0.1
2026-06-24T04:00:00+09:00,,,,,0,57,6.35,19.9,78,0.1
2026-06-24T05:00:00+09:00,,,,,0,56,6.59,19.7,81,0.2
2026-06-24T06:00:00+09:00,,,,,0,56,6.63,19.8,81,0.0
2026-06-24T07:00:00+09:00,,,,,0,57,6.41,20.1,81,0.0
2026-06-24T08:00:00+09:00,,,,,0,55,6.53,21.1,78,0.0
2026-06-24T09:00:00+09:00,,,,,0,56,6.09,22.2,70,0.0
2026-06-24T10:00:00+09:00,,,,,0,69,7.44,23.0,68,0.0
2026-06-24T11:00:00+09:00,,,,,0,65,6.94,22.3,73,0.0
2026-06-24T12:00:00+09:00,,,,,0,69,5.57,22.1,75,0.0
2026-06-24T13:00:00+09:00,,,,,0,71,5.93,22.6,73,0.0
2026-06-24T14:00:00+09:00,,,,,0,69,5.66,22.8,72,0.0
2026-06-24T15:00:00+09:00,,,,,0,61,4.7,23.1,71,0.0
2026-06-24T16:00:00+09:00,,,,,0,61,3.76,22.6,76,0.0
2026-06-24T17:00:00+09:00,,,,,0,65,3.85,22.7,76,0.0
2026-06-24T18:00:00+09:00,,,,,0,69,4.97,22.1,75,0.0
2026-06-24T19:00:00+09:00,,,,,0,60,5.09,21.5,76,0.0
2026-06-24T20:00:00+09:00,,,,,0,63,5.03,21.0,77,0.0
2026-06-24T21:00:00+09:00,,,,,0,66,3.49,21.2,79,0.0
2026-06-24T22:00:00+09:00,,,,,0,60,3.99,20.8,80,0.0
2026-06-24T23:00:00+09:00,,,,,0,47,4.95,20.7,79,0.0
2026-06-25T00:00:00+09:00,,,,,0,54,4.47,20.6,79,0.0
2026-06-25T01:00:00+09:00,,,,,0,54,4.26,20.2,81,0.0
2026-06-25T02:00:00+09:00,,,,,0,52,4.31,20.0,83,0.0
2026-06-25T03:00:00+09:00,,,,,0,38,2.74,20.0,83,0.0
2026-06-25T04:00:00+09:00,,,,,0,28,2.48,19.7,84,0.0
2026-06-25T05:00:00+09:00,,,,,0,16,2.5,20.0,84,0.0
2026-06-25T06:00:00+09:00,,,,,0,5,2.61,20.5,83,0.0
2026-06-25T07:00:00+09:00,,,,,0,11,2.34,21.6,80,0.0
2026-06-25T08:00:00+09:00,,,,,0,41,1.91,22.9,76,0.0
2026-06-25T09:00:00+09:00,,,,,0,39,1.99,24.4,73,0.0
2026-06-25T10:00:00+09:00,,,,,0,16,1.09,25.2,70,0.1
2026-06-25T11:00:00+09:00,,,,,0,324,0.43,25.8,69,0.1
2026-06-25T12:00:00+09:00,,,,,0,290,1.49,26.8,66,0.0
2026-06-25T13:00:00+09:00,,,,,0,259,1.07,27.5,62,0.0
2026-06-25T14:00:00+09:00,,,,,0,212,1.12,27.6,63,0.0
2026-06-25T15:00:00+09:00,,,,,0,225,1.2,26.8,69,0.0
2026-06-25T16:00:00+09:00,,,,,0,176,0.75,26.0,75,0.2
2026-06-25T17:00:00+09:00,,,,,0,185,1.66,24.7,84,0.9
2026-06-25T18:00:00+09:00,,,,,0,181,2.2,23.8,92,0.4
2026-06-25T19:00:00+09:00,,,,,0,177,0.95,23.3,94,0.0
2026-06-25T20:00:00+09:00,,,,,0,328,0.76,22.7,95,0.0
2026-06-25T21:00:00+09:00,,,,,0,63,0.22,22.6,96,0.0
2026-06-25T22:00:00+09:00,,,,,0,310,1.24,21.9,96,0.0
2026-06-25T23:00:00+09:00,,,,,0,317,2.65,21.0,90,0.0
2026-06-26T00:00:00+09:00,,,,,0,322,2.28,20.1,92,0.0
2026-06-26T01:00:00+09:00,,,,,0,320,2.48,19.4,93,0.0
2026-06-26T02:00:00+09:00,,,,,0,324,2.83,19.2,93,0.0
2026-06-26T03:00:00+09:00,,,,,0,326,3.63,19.3,95,0.0
2026-06-26T04:00:00+09:00,,,,,0,324,3.83,19.1,95,0.0
2026-06-26T05:00:00+09:00,,,,,0,322,3.88,19.0,95,0.0
2026-06-26T06:00:00+09:00,,,,,0,321,3.77,19.0,95,0.0
2026-06-26T07:00:00+09:00,,,,,0,323,3.36,20.0,91,0.0
2026-06-26T08:00:00+09:00,,,,,0,330,3.76,21.6,83,0.0
2026-06-26T09:00:00+09:00,,,,,0,344,2.18,24.1,75,0.0
2026-06-26T10:00:00+09:00,,,,,0,350,2.08,25.6,63,0.0
2026-06-26T11:00:00+09:00,,,,,0,339,1.66,26.8,55,0.0
2026-06-26T12:00:00+09:00,,,,,0,332,1.19,27.7,48,0.0
2026-06-26T13:00:00+09:00,8.0,,12.0,12.0,1,305,0.97,28.3,44,0.0
2026-06-26T14:00:00+09:00,6.0,,13.0,13.0,1,280,0.86,28.8,42,0.0
2026-06-26T15:00:00+09:00,12.0,7.0,11.0,9.0,2,172,1.46,28.3,46,0.0
2026-06-26T16:00:00+09:00,9.0,12.0,10.0,11.0,2,158,3.88,26.3,72,0.0
2026-06-26T17:00:00+09:00,8.0,13.0,10.0,11.5,2,166,4.12,25.0,74,0.0
2026-06-26T18:00:00+09:00,10.0,16.0,11.0,13.5,2,175,2.96,24.2,73,0.0
2026-06-26T19:00:00+09:00,9.0,15.0,8.0,11.5,2,149,2.44,23.5,75,0.0
2026-06-26T20:00:00+09:00,7.0,14.0,4.0,9.0,2,142,3.56,21.7,88,0.0
2026-06-26T21:00:00+09:00,5.0,14.0,3.0,8.5,2,126,2.72,21.4,92,0.0
2026-06-26T22:00:00+09:00,6.0,8.0,2.0,5.0,2,72,0.63,20.9,95,0.0
2026-06-26T23:00:00+09:00,10.0,4.0,5.0,4.5,2,27,0.34,20.7,96,0.0
2026-06-27T00:00:00+09:00,10.0,6.0,5.0,5.5,2,342,0.32,20.1,97,0.0
2026-06-27T01:00:00+09:00,8.0,6.0,5.0,5.5,2,343,0.52,19.8,97,0.0
2026-06-27T02:00:00+09:00,4.0,6.0,2.0,4.0,2,336,0.6,19.3,98,0.0
2026-06-27T03:00:00+09:00,5.0,5.0,2.0,3.5,2,343,0.68,19.6,97,0.0
2026-06-27T04:00:00+09:00,11.0,5.0,5.0,5.0,2,346,1.44,19.0,98,0.0
2026-06-27T05:00:00+09:00,13.0,3.0,7.0,5.0,2,330,1.9,18.9,98,0.0
2026-06-27T06:00:00+09:00,16.0,5.0,11.0,8.0,2,335,2.1,18.9,98,0.0
2026-06-27T07:00:00+09:00,18.0,6.0,11.0,8.5,2,325,1.47,20.0,94,0.0
2026-06-27T08:00:00+09:00,15.0,6.0,10.0,8.0,2,302,0.47,21.4,88,0.0
2026-06-27T09:00:00+09:00,19.0,7.0,11.0,9.0,2,276,0.5,23.0,81,0.0
2026-06-27T10:00:00+09:00,22.0,8.0,12.0,10.0,2,159,0.43,24.7,74,0.0
2026-06-27T11:00:00+09:00,17.0,12.0,12.0,12.0,2,166,1.24,25.5,73,0.0
2026-06-27T12:00:00+09:00,20.0,11.0,14.0,12.5,2,159,1.93,25.8,71,0.1
2026-06-27T13:00:00+09:00,17.0,10.0,17.0,13.5,2,143,2.18,26.2,69,0.4
2026-06-27T14:00:00+09:00,13.0,8.0,22.0,15.0,2,156,2.19,26.3,68,0.0
2026-06-27T15:00:00+09:00,17.0,18.0,22.0,20.0,2,162,2.15,27.5,59,0.0
2026-06-27T16:00:00+09:00,16.0,11.0,16.0,13.5,2,167,2.46,27.5,59,0.0
2026-06-27T17:00:00+09:00,15.0,14.0,15.0,14.5,2,171,4.05,26.1,67,0.0
2026-06-27T18:00:00+09:00,20.0,18.0,13.0,15.5,2,162,3.53,24.5,76,0.0
2026-06-27T19:00:00+09:00,15.0,13.0,9.0,11.0,2,177,2.95,23.5,78,0.0
2026-06-27T20:00:00+09:00,17.0,10.0,6.0,8.0,2,142,1.53,21.9,87,0.0
2026-06-27T21:00:00+09:00,16.0,8.0,4.0,6.0,2,138,2.34,21.6,91,0.0
2026-06-27T22:00:00+09:00,16.0,14.0,7.0,10.5,2,148,2.18,21.0,94,0.0
2026-06-27T23:00:00+09:00,10.0,13.0,9.0,11.0,2,159,1.5,20.8,96,0.0
2026-06-28T00:00:00+09:00,14.0,11.0,7.0,9.0,2,173,1.26,20.5,98,0.0
2026-06-28T01:00:00+09:00,9.0,9.0,7.0,8.0,2,196,1.25,20.7,97,0.0
2026-06-28T02:00:00+09:00,8.0,8.0,9.0,8.5,2,227,0.88,20.7,95,0.0
2026-06-28T03:00:00+09:00,6.0,10.0,4.0,7.0,2,282,0.72,20.3,95,0.0
2026-06-28T04:00:00+09:00,9.0,12.0,2.0,7.0,2,283,0.87,20.6,92,0.0
2026-06-28T05:00:00+09:00,10.0,10.0,5.0,7.5,2,278,0.71,20.5,92,0.0
2026-06-28T06:00:00+09:00,10.0,10.0,8.0,9.0,2,325,1.22,20.8,89,0.0
2026-06-28T07:00:00+09:00,11.0,10.0,7.0,8.5,2,337,1.3,21.6,85,0.0
2026-06-28T08:00:00+09:00,11.0,10.0,13.0,11.5,2,4,0.65,23.1,80,0.0
2026-06-28T09:00:00+09:00,13.0,10.0,16.0,13.0,2,140,0.85,24.9,73,0.0
2026-06-28T10:00:00+09:00,16.0,9.0,16.0,12.5,2,159,1.71,25.9,68,0.0
2026-06-28T11:00:00+09:00,15.0,17.0,15.0,16.0,2,176,2.16,26.0,69,0.3
2026-06-28T12:00:00+09:00,14.0,21.0,20.0,20.5,2,184,2.56,26.4,69,0.2
2026-06-28T13:00:00+09:00,14.0,26.0,22.0,24.0,2,186,2.77,26.9,68,0.1
2026-06-28T14:00:00+09:00,13.0,37.0,22.0,29.5,2,177,3.35,27.1,66,0.0
2026-06-28T15:00:00+09:00,14.0,17.0,16.0,16.5,2,163,3.61,26.5,68,0.1
2026-06-28T16:00:00+09:00,16.0,21.0,11.0,16.0,2,174,3.97,26.0,70,0.0
2026-06-28T17:00:00+09:00,13.0,16.0,12.0,14.0,2,176,3.81,25.3,75,0.1
2026-06-28T18:00:00+09:00,9.0,16.0,14.0,15.0,2,174,2.67,24.8,76,0.0
2026-06-28T19:00:00+09:00,10.0,12.0,12.0,12.0,2,177,1.75,24.3,77,0.0
2026-06-28T20:00:00+09:00,13.0,12.0,8.0,10.0,2,185,2.11,23.1,84,0.0
2026-06-28T21:00:00+09:00,9.0,12.0,6.0,9.0,2,193,1.38,22.3,88,0.0
2026-06-28T22:00:00+09:00,10.0,15.0,6.0,10.5,2,146,0.18,21.5,93,0.0
2026-06-28T23:00:00+09:00,12.0,15.0,12.0,13.5,2,180,0.1,21.1,94,0.0
2026-06-29T00:00:00+09:00,18.0,17.0,12.0,14.5,2,225,0.07,20.8,95,0.0
2026-06-29T01:00:00+09:00,15.0,15.0,14.0,14.5,2,146,0.18,20.6,96,0.0
2026-06-29T02:00:00+09:00,12.0,12.0,23.0,17.5,2,14,0.21,20.2,98,0.0
2026-06-29T03:00:00+09:00,13.0,9.0,25.0,17.0,2,346,0.41,19.9,97,0.0
2026-06-29T04:00:00+09:00,10.0,13.0,23.0,18.0,2,8,0.35,19.3,99,0.0
2026-06-29T05:00:00+09:00,13.0,15.0,20.0,17.5,2,356,0.75,18.9,99,0.0
2026-06-29T06:00:00+09:00,13.0,15.0,18.0,16.5,2,9,1.32,19.2,99,0.0
2026-06-29T07:00:00+09:00,16.0,15.0,16.0,15.5,2,35,0.79,20.6,97,0.0
2026-06-29T08:00:00+09:00,13.0,19.0,18.0,18.5,2,106,0.93,22.6,87,0.0
2026-06-29T09:00:00+09:00,14.0,15.0,21.0,18.0,2,146,1.08,23.7,84,0.0
2026-06-29T10:00:00+09:00,12.0,16.0,21.0,18.5,2,139,1.59,25.0,77,0.2
2026-06-29T11:00:00+09:00,14.0,18.0,20.0,19.0,2,155,2.53,25.6,75,0.2
2026-06-29T12:00:00+09:00,16.0,32.0,22.0,27.0,2,162,2.89,25.8,75,0.1
2026-06-29T13:00:00+09:00,22.0,33.0,23.0,28.0,2,156,3.0,26.5,72,0.0
2026-06-29T14:00:00+09:00,35.0,35.0,22.0,28.5,2,170,3.5,26.5,71,0.0
2026-06-29T15:00:00+09:00,41.0,24.0,24.0,24.0,2,176,3.81,26.3,72,0.0
2026-06-29T16:00:00+09:00,31.0,22.0,25.0,23.5,2,174,3.37,25.3,73,0.0
2026-06-29T17:00:00+09:00,25.0,19.0,22.0,20.5,2,159,2.74,25.2,73,0.0
2026-06-29T18:00:00+09:00,24.0,30.0,24.0,27.0,2,171,2.13,24.7,75,0.0
2026-06-29T19:00:00+09:00,27.0,29.0,22.0,25.5,2,172,2.12,23.9,77,0.0
2026-06-29T20:00:00+09:00,24.0,20.0,16.0,18.0,2,164,1.61,22.9,82,0.0
2026-06-29T21:00:00+09:00,16.0,14.0,15.0,14.5,2,144,0.68,22.8,83,0.0
2026-06-29T22:00:00+09:00,15.0,16.0,12.0,14.0,2,145,0.79,22.4,85,0.0
2026-06-29T23:00:00+09:00,15.0,12.0,7.0,9.5,2,168,0.72,22.0,87,0.0
2026-06-30T00:00:00+09:00,14.0,12.0,8.0,10.0,2,189,0.61,21.5,90,0.0
2026-06-30T01:00:00+09:00,11.0,12.0,9.0,10.5,2,82,0.35,21.4,91,0.0
2026-06-30T02:00:00+09:00,8.0,9.0,15.0,12.0,2,27,0.11,21.1,91,0.0
2026-06-30T03:00:00+09:00,13.0,7.0,20.0,13.5,2,72,0.16,21.4,92,0.0
2026-06-30T04:00:00+09:00,19.0,11.0,10.0,10.5,2,79,0.25,20.8,93,0.0
2026-06-30T05:00:00+09:00,13.0,11.0,7.0,9.0,2,27,0.45,20.6,94,0.0
2026-06-30T06:00:00+09:00,17.0,10.0,9.0,9.5,2,43,0.81,20.9,93,0.0
2026-06-30T07:00:00+09:00,18.0,12.0,7.0,9.5,2,90,0.9,22.1,86,0.0
2026-06-30T08:00:00+09:00,16.0,11.0,7.0,9.0,2,114,0.87,23.6,79,0.0
2026-06-30T09:00:00+09:00,15.0,10.0,8.0,9.0,2,131,1.91,24.9,74,0.0
2026-06-30T10:00:00+09:00,18.0,10.0,7.0,8.5,2,151,2.28,25.9,70,0.0
2026-06-30T11:00:00+09:00,17.0,7.0,6.0,6.5,2,168,3.22,25.9,69,0.0
2026-06-30T12:00:00+09:00,22.0,11.0,7.0,9.0,2,176,3.86,25.7,69,0.0
2026-06-30T13:00:00+09:00,15.0,10.0,9.0,9.5,2,183,3.81,25.3,69,0.0
2026-06-30T14:00:00+09:00,9.0,14.0,7.0,10.5,2,179,4.15,25.7,68,0.0
2026-06-30T15:00:00+09:00,9.0,13.0,9.0,11.0,2,166,4.23,25.3,71,0.0
2026-06-30T16:00:00+09:00,7.0,9.0,9.0,9.0,2,162,3.57,24.6,74,0.0
2026-06-30T17:00:00+09:00,6.0,10.0,6.0,8.0,2,172,3.54,24.0,75,0.0
2026-06-30T18:00:00+09:00,8.0,12.0,8.0,10.0,2,166,2.68,23.3,76,0.0
2026-06-30T19:00:00+09:00,9.0,10.0,4.0,7.0,2,151,1.95,22.6,78,0.0
2026-06-30T20:00:00+09:00,9.0,9.0,2.0,5.5,2,145,0.97,21.5,86,0.0
2026-06-30T21:00:00+09:00,9.0,10.0,1.0,5.5,2,130,1.24,22.0,86,0.0
2026-06-30T22:00:00+09:00,9.0,11.0,2.0,6.5,2,141,1.28,21.4,89,0.0
2026-06-30T23:00:00+09:00,8.0,7.0,3.0,5.0,2,98,1.06,21.0,92,0.0
2026-07-01T00:00:00+09:00,9.0,4.0,13.0,8.5,2,122,1.71,21.7,88,0.0
2026-07-01T01:00:00+09:00,8.0,5.0,12.0,8.5,2,91,2.3,21.7,88,0.0
2026-07-01T02:00:00+09:00,10.0,7.0,17.0,12.0,2,118,1.48,21.5,90,0.0
2026-07-01T03:00:00+09:00,8.0,5.0,12.0,8.5,2,114,2.84,20.8,94,1.5
2026-07-01T04:00:00+09:00,8.0,4.0,8.0,6.0,2,82,3.79,20.5,97,6.8
2026-07-01T05:00:00+09:00,8.0,4.0,6.0,5.0,2,77,5.29,20.1,95,9.4
2026-07-01T06:00:00+09:00,6.0,3.0,5.0,4.0,2,70,4.37,19.5,95,8.3
2026-07-01T07:00:00+09:00,4.0,3.0,3.0,3.0,2,63,5.14,19.7,95,7.7
2026-07-01T08:00:00+09:00,4.0,3.0,2.0,2.5,2,59,5.81,19.8,95,9.5
2026-07-01T09:00:00+09:00,2.0,3.0,1.0,2.0,2,77,4.05,19.7,95,8.4
2026-07-01T10:00:00+09:00,1.0,3.0,2.0,2.5,2,58,4.67,19.9,96,3.5
2026-07-01T11:00:00+09:00,2.0,1.0,1.0,1.0,2,43,4.53,20.4,94,3.8
2026-07-01T12:00:00+09:00,3.0,1.0,1.0,1.0,2,63,2.46,21.3,94,1.6
2026-07-01T13:00:00+09:00,2.0,2.0,2.0,2.0,2,62,2.04,22.3,92,0.4
2026-07-01T14:00:00+09:00,1.0,4.0,3.0,3.5,2,51,1.81,22.7,90,0.6
2026-07-01T15:00:00+09:00,1.0,2.0,3.0,2.5,2,146,0.18,23.5,87,0.2
2026-07-01T16:00:00+09:00,1.0,2.0,4.0,3.0,2,131,2.38,23.1,88,0.1
2026-07-01T17:00:00+09:00,1.0,3.0,7.0,5.0,2,136,2.16,22.3,90,0.1
2026-07-01T18:00:00+09:00,1.0,4.0,7.0,5.5,2,135,0.99,22.4,90,0.0
2026-07-01T19:00:00+09:00,1.0,5.0,6.0,5.5,2,142,0.57,22.4,91,0.0
2026-07-01T20:00:00+09:00,2.0,6.0,7.0,6.5,2,115,0.72,21.9,95,0.0
2026-07-01T21:00:00+09:00,3.0,7.0,10.0,8.5,2,91,2.7,21.7,91,0.0
2026-07-01T22:00:00+09:00,6.0,7.0,9.0,8.0,2,75,2.53,21.4,91,0.0
2026-07-01T23:00:00+09:00,6.0,5.0,8.0,6.5,2,63,1.45,21.1,92,0.0
2026-07-02T00:00:00+09:00,4.0,5.0,5.0,5.0,2,49,0.92,20.7,93,0.0
2026-07-02T01:00:00+09:00,5.0,4.0,6.0,5.0,2,17,0.52,20.8,92,0.0
2026-07-02T02:00:00+09:00,6.0,5.0,9.0,7.0,2,360,0.45,21.3,93,0.0
2026-07-02T03:00:00+09:00,8.0,7.0,9.0,8.0,2,297,0.22,21.2,93,0.0
2026-07-02T04:00:00+09:00,9.0,5.0,10.0,7.5,2,27,0.11,21.1,93,0.0
2026-07-02T05:00:00+09:00,7.0,4.0,7.0,5.5,2,321,0.32,20.5,95,0.0
2026-07-02T06:00:00+09:00,8.0,5.0,8.0,6.5,2,330,0.4,20.6,96,0.0
2026-07-02T07:00:00+09:00,6.0,8.0,5.0,6.5,2,135,0.21,21.5,94,0.0
2026-07-02T08:00:00+09:00,11.0,6.0,10.0,8.0,2,153,0.89,22.7,85,0.0
2026-07-02T09:00:00+09:00,9.0,7.0,10.0,8.5,2,151,1.32,23.1,84,0.0
2026-07-02T10:00:00+09:00,7.0,6.0,8.0,7.0,2,180,1.7,23.7,80,0.0
2026-07-02T11:00:00+09:00,6.0,9.0,7.0,8.0,2,197,2.09,23.9,79,0.0
2026-07-02T12:00:00+09:00,7.0,10.0,9.0,9.5,2,198,1.99,24.5,77,0.0
2026-07-02T13:00:00+09:00,13.0,18.0,9.0,13.5,2,182,2.9,25.7,73,0.0
2026-07-02T14:00:00+09:00,37.0,17.0,7.0,12.0,2,174,3.72,25.3,75,0.1
2026-07-02T15:00:00+09:00,28.0,10.0,7.0,8.5,2,173,3.88,25.1,73,0.0
2026-07-02T16:00:00+09:00,,14.0,14.0,14.0,2,175,3.81,24.7,76,0.0
2026-07-02T17:00:00+09:00,9.0,12.0,16.0,14.0,2,172,3.43,24.4,78,0.0
2026-07-02T18:00:00+09:00,13.0,11.0,14.0,12.5,2,173,2.82,23.8,81,0.0
2026-07-02T19:00:00+09:00,8.0,10.0,11.0,10.5,2,180,2.25,23.4,84,0.0
2026-07-02T20:00:00+09:00,6.0,12.0,7.0,9.5,2,182,1.3,22.2,91,0.0
2026-07-02T21:00:00+09:00,6.0,12.0,8.0,10.0,2,196,1.3,22.3,93,0.0
2026-07-02T22:00:00+09:00,14.0,17.0,11.0,14.0,2,215,1.04,21.9,94,0.0
2026-07-02T23:00:00+09:00,10.0,17.0,13.0,15.0,2,204,0.98,21.6,95,0.0
2026-07-03T00:00:00+09:00,12.0,12.0,11.0,11.5,2,225,0.71,21.3,95,0.0
2026-07-03T01:00:00+09:00,10.0,11.0,10.0,10.5,2,261,0.61,21.1,95,0.0
2026-07-03T02:00:00+09:00,10.0,9.0,10.0,9.5,2,275,0.6,21.0,95,0.0
2026-07-03T03:00:00+09:00,10.0,12.0,11.0,11.5,2,290,0.74,21.4,98,0.0
2026-07-03T04:00:00+09:00,10.0,14.0,12.0,13.0,2,321,0.64,21.2,98,0.0
2026-07-03T05:00:00+09:00,9.0,11.0,12.0,11.5,2,6,0.5,21.2,98,0.0
2026-07-03T06:00:00+09:00,11.0,13.0,13.0,13.0,2,9,0.66,21.3,97,0.0
2026-07-03T07:00:00+09:00,16.0,13.0,11.0,12.0,2,279,0.3,22.1,92,0.0
2026-07-03T08:00:00+09:00,15.0,10.0,10.0,10.0,2,183,0.9,22.8,88,0.0
2026-07-03T09:00:00+09:00,19.0,10.0,10.0,10.0,2,167,1.84,24.0,81,0.1
2026-07-03T10:00:00+09:00,11.0,12.0,10.0,11.0,2,172,1.87,24.9,77,0.1
2026-07-03T11:00:00+09:00,6.0,13.0,9.0,11.0,2,166,3.09,25.1,77,0.1
2026-07-03T12:00:00+09:00,3.0,15.0,7.0,11.0,2,162,3.15,24.2,83,0.2
2026-07-03T13:00:00+09:00,1.0,7.0,8.0,7.5,2,166,3.61,24.5,84,0.2
2026-07-03T14:00:00+09:00,1.0,8.0,7.0,7.5,2,165,3.52,24.1,85,0.2
2026-07-03T15:00:00+09:00,5.0,8.0,5.0,6.5,2,179,3.95,24.3,85,0.2
2026-07-03T16:00:00+09:00,5.0,10.0,4.0,7.0,2,181,3.65,23.6,89,0.1
2026-07-03T17:00:00+09:00,6.0,9.0,3.0,6.0,2,188,3.03,23.5,89,0.1
2026-07-03T18:00:00+09:00,6.0,9.0,4.0,6.5,2,197,2.51,23.3,90,0.1
2026-07-03T19:00:00+09:00,8.0,9.0,5.0,7.0,2,207,1.74,23.1,91,0.0
2026-07-03T20:00:00+09:00,8.0,7.0,7.0,7.0,2,174,0.91,22.6,95,0.0
2026-07-03T21:00:00+09:00,4.0,5.0,6.0,5.5,2,176,1.45,22.5,96,0.0
2026-07-03T22:00:00+09:00,9.0,6.0,8.0,7.0,2,187,2.47,22.3,97,0.2
2026-07-03T23:00:00+09:00,9.0,7.0,8.0,7.5,2,189,2.23,22.1,98,0.7
2026-07-04T00:00:00+09:00,10.0,6.0,7.0,6.5,2,175,1.76,22.1,99,0.8
2026-07-04T01:00:00+09:00,6.0,7.0,8.0,7.5,2,207,2.3,22.0,98,2.8
2026-07-04T02:00:00+09:00,4.0,9.0,10.0,9.5,2,234,0.93,22.0,98,1.9
2026-07-04T03:00:00+09:00,6.0,11.0,10.0,10.5,2,187,0.4,21.9,98,2.4
2026-07-04T04:00:00+09:00,5.0,9.0,7.0,8.0,2,156,0.49,21.7,98,6.3
2026-07-04T05:00:00+09:00,4.0,8.0,5.0,6.5,2,108,0.79,21.6,98,3.4
2026-07-04T06:00:00+09:00,5.0,9.0,3.0,6.0,2,180,1.05,21.5,98,1.7
2026-07-04T07:00:00+09:00,4.0,6.0,3.0,4.5,2,72,0.16,21.6,97,0.2
2026-07-04T08:00:00+09:00,2.0,5.0,3.0,4.0,2,292,0.27,21.7,97,0.2
2026-07-04T09:00:00+09:00,1.0,6.0,2.0,4.0,2,108,1.42,23.3,90,0.2
2026-07-04T10:00:00+09:00,1.0,4.0,3.0,3.5,2,134,1.59,24.4,83,0.1
2026-07-04T11:00:00+09:00,7.0,3.0,3.0,3.0,2,113,1.9,24.7,81,0.1
2026-07-04T12:00:00+09:00,7.0,3.0,4.0,3.5,2,160,2.5,26.2,75,0.1
2026-07-04T13:00:00+09:00,6.0,4.0,8.0,6.0,2,187,3.48,25.3,80,0.0
2026-07-04T14:00:00+09:00,17.0,5.0,10.0,7.5,2,188,2.73,25.6,78,0.0
2026-07-04T15:00:00+09:00,18.0,6.0,13.0,9.5,2,179,3.35,25.5,77,0.0
2026-07-04T16:00:00+09:00,4.0,7.0,10.0,8.5,2,187,3.37,25.1,77,0.0
2026-07-04T17:00:00+09:00,1.0,6.0,6.0,6.0,2,190,2.24,24.8,80,0.0
2026-07-04T18:00:00+09:00,1.0,4.0,3.0,3.5,2,200,2.66,24.2,84,0.1
2026-07-04T19:00:00+09:00,2.0,2.0,1.0,1.5,2,217,2.0,23.6,90,0.1
2026-07-04T20:00:00+09:00,1.0,4.0,1.0,2.5,2,220,1.56,23.0,93,0.1
2026-07-04T21:00:00+09:00,1.0,5.0,1.0,3.0,2,231,1.1,22.9,97,0.4
2026-07-04T22:00:00+09:00,1.0,6.0,1.0,3.5,2,216,0.86,22.6,98,0.4
2026-07-04T23:00:00+09:00,1.0,4.0,1.0,2.5,2,288,0.63,22.3,98,0.0
2026-07-05T00:00:00+09:00,1.0,1.0,1.0,1.0,2,244,1.61,22.4,98,0.1
2026-07-05T01:00:00+09:00,2.0,1.0,4.0,2.5,2,235,1.83,22.8,99,1.1
2026-07-05T02:00:00+09:00,5.0,1.0,8.0,4.5,2,224,1.73,22.8,99,2.0
2026-07-05T03:00:00+09:00,5.0,2.0,7.0,4.5,2,266,1.45,23.3,99,2.3
2026-07-05T04:00:00+09:00,4.0,2.0,3.0,2.5,2,236,0.9,23.0,99,1.6
2026-07-05T05:00:00+09:00,8.0,8.0,6.0,7.0,2,104,0.21,22.5,98,3.8
2026-07-05T06:00:00+09:00,11.0,7.0,11.0,9.0,2,76,0.41,22.5,99,1.2
2026-07-05T07:00:00+09:00,13.0,6.0,13.0,9.5,2,201,1.23,22.8,99,0.0
2026-07-05T08:00:00+09:00,9.0,5.0,12.0,8.5,2,218,1.53,23.4,99,0.0
2026-07-05T09:00:00+09:00,5.0,5.0,9.0,7.0,2,219,1.35,23.8,98,0.3
2026-07-05T10:00:00+09:00,4.0,7.0,7.0,7.0,2,219,2.06,24.4,94,0.6
2026-07-05T11:00:00+09:00,7.0,7.0,4.0,5.5,2,237,2.63,24.3,97,1.1
2026-07-05T12:00:00+09:00,8.0,7.0,5.0,6.0,2,244,1.95,24.8,96,1.5
2026-07-05T13:00:00+09:00,6.0,5.0,6.0,5.5,2,212,2.36,25.0,97,0.6
2026-07-05T14:00:00+09:00,4.0,5.0,6.0,5.5,2,208,2.26,26.7,90,0.0
2026-07-05T15:00:00+09:00,6.0,4.0,6.0,5.0,2,189,3.29,24.6,97,1.2
2026-07-05T16:00:00+09:00,5.0,4.0,7.0,5.5,2,197,4.76,25.1,95,1.7
2026-07-05T17:00:00+09:00,5.0,7.0,5.0,6.0,2,213,3.36,24.5,94,0.3
2026-07-05T18:00:00+09:00,3.0,6.0,3.0,4.5,2,207,4.61,24.7,95,0.2
2026-07-05T19:00:00+09:00,3.0,8.0,2.0,5.0,2,206,3.62,24.0,97,0.1
2026-07-05T20:00:00+09:00,3.0,8.0,1.0,4.5,2,215,2.08,23.9,97,0.0
2026-07-05T21:00:00+09:00,4.0,5.0,1.0,3.0,2,186,1.86,23.9,99,0.1
2026-07-05T22:00:00+09:00,2.0,2.0,1.0,1.5,2,211,2.8,23.7,99,0.1
2026-07-05T23:00:00+09:00,1.0,3.0,3.0,3.0,2,227,1.84,23.7,99,0.1
2026-07-06T00:00:00+09:00,4.0,3.0,3.0,3.0,2,213,1.48,23.6,99,0.0
2026-07-06T01:00:00+09:00,4.0,1.0,3.0,2.0,2,231,1.81,23.5,99,0.1
2026-07-06T02:00:00+09:00,2.0,1.0,8.0,4.5,2,236,1.51,23.5,99,0.0
2026-07-06T03:00:00+09:00,1.0,2.0,7.0,4.5,2,197,1.68,23.3,99,0.1
2026-07-06T04:00:00+09:00,3.0,5.0,4.0,4.5,2,247,1.41,23.3,99,0.6
2026-07-06T05:00:00+09:00,3.0,3.0,3.0,3.0,2,207,0.45,23.4,99,0.0
2026-07-06T06:00:00+09:00,1.0,1.0,2.0,1.5,2,189,0.96,23.4,99,0.4
2026-07-06T07:00:00+09:00,1.0,1.0,1.0,1.0,2,218,2.28,23.3,99,1.0
2026-07-06T08:00:00+09:00,1.0,2.0,1.0,1.5,2,263,0.81,23.3,98,12.5
2026-07-06T09:00:00+09:00,1.0,3.0,1.0,2.0,2,202,3.12,24.5,98,1.3
2026-07-06T10:00:00+09:00,1.0,2.0,1.0,1.5,2,207,3.13,25.8,94,0.2
2026-07-06T11:00:00+09:00,1.0,6.0,6.0,6.0,2,214,4.69,27.1,86,0.0
2026-07-06T12:00:00+09:00,1.0,13.0,6.0,9.5,2,209,4.61,27.3,84,0.4
2026-07-06T13:00:00+09:00,1.0,14.0,3.0,8.5,2,214,4.22,28.4,80,0.3
2026-07-06T14:00:00+09:00,,8.0,4.0,6.0,2,235,3.62,25.8,95,4.1
2026-07-06T15:00:00+09:00,2.0,8.0,3.0,5.5,2,213,3.58,26.9,91,0.5
2026-07-06T16:00:00+09:00,2.0,11.0,7.0,9.0,2,214,2.84,27.1,87,0.4
2026-07-06T17:00:00+09:00,1.0,12.0,7.0,9.5,2,207,4.61,26.8,86,0.1
2026-07-06T18:00:00+09:00,7.0,8.0,6.0,7.0,2,226,2.72,25.9,89,0.0
2026-07-06T19:00:00+09:00,6.0,12.0,7.0,9.5,2,228,2.02,25.7,90,0.0
2026-07-06T20:00:00+09:00,8.0,10.0,5.0,7.5,2,201,1.5,25.0,95,0.0
2026-07-06T21:00:00+09:00,5.0,7.0,2.0,4.5,2,216,0.93,25.1,98,0.0
2026-07-06T22:00:00+09:00,3.0,13.0,4.0,8.5,2,166,0.41,24.4,99,0.0
2026-07-06T23:00:00+09:00,5.0,11.0,4.0,7.5,2,170,0.86,24.0,100,0.0
2026-07-07T00:00:00+09:00,8.0,9.0,21.0,15.0,2,183,0.85,23.9,100,0.0
2026-07-07T01:00:00+09:00,10.0,13.0,21.0,17.0,2,176,0.75,24.2,99,0.0
2026-07-07T02:00:00+09:00,11.0,9.0,21.0,15.0,2,180,0.5,24.1,100,0.0
2026-07-07T03:00:00+09:00,7.0,9.0,7.0,8.0,2,153,0.78,24.4,100,0.0
2026-07-07T04:00:00+09:00,8.0,10.0,1.0,5.5,2,194,1.86,23.9,100,2.4
2026-07-07T05:00:00+09:00,9.0,13.0,1.0,7.0,2,236,1.51,23.7,100,1.6
2026-07-07T06:00:00+09:00,10.0,13.0,5.0,9.0,2,53,1.0,23.8,99,0.2
2026-07-07T07:00:00+09:00,15.0,12.0,7.0,9.5,2,346,0.82,24.3,98,0.0
2026-07-07T08:00:00+09:00,11.0,13.0,5.0,9.0,2,160,1.76,25.3,94,0.0
2026-07-07T09:00:00+09:00,8.0,10.0,2.0,6.0,2,113,1.52,25.9,92,0.1
2026-07-07T10:00:00+09:00,11.0,8.0,2.0,5.0,2,151,2.17,26.6,89,0.1
2026-07-07T11:00:00+09:00,17.0,11.0,2.0,6.5,2,153,2.68,27.1,87,0.1
2026-07-07T12:00:00+09:00,14.0,7.0,6.0,6.5,2,147,2.21,27.4,86,0.2
2026-07-07T13:00:00+09:00,9.0,7.0,11.0,9.0,2,132,2.02,27.4,87,0.1
2026-07-07T14:00:00+09:00,5.0,6.0,6.0,6.0,2,158,2.04,28.4,83,0.1
2026-07-07T15:00:00+09:00,3.0,4.0,,4.0,1,154,2.66,28.6,80,0.0
2026-07-07T16:00:00+09:00,2.0,8.0,,8.0,1,148,2.76,28.0,84,0.0
2026-07-07T17:00:00+09:00,3.0,7.0,23.0,15.0,2,140,3.12,27.2,87,0.0
2026-07-07T18:00:00+09:00,5.0,7.0,20.0,13.5,2,139,3.44,26.3,91,0.0
2026-07-07T19:00:00+09:00,4.0,11.0,10.0,10.5,2,140,3.48,25.5,93,0.0
2026-07-07T20:00:00+09:00,5.0,7.0,4.0,5.5,2,136,3.15,24.7,96,0.0
2026-07-07T21:00:00+09:00,4.0,4.0,3.0,3.5,2,135,3.04,24.7,96,0.1
2026-07-07T22:00:00+09:00,2.0,6.0,3.0,4.5,2,141,3.23,24.7,97,0.1
2026-07-07T23:00:00+09:00,6.0,9.0,4.0,6.5,2,144,3.22,24.6,98,0.1
2026-07-08T00:00:00+09:00,7.0,10.0,2.0,6.0,2,152,2.84,24.4,99,0.1
2026-07-08T01:00:00+09:00,8.0,11.0,4.0,7.5,2,148,2.9,24.4,99,0.1
2026-07-08T02:00:00+09:00,8.0,12.0,2.0,7.0,2,160,2.93,24.4,99,0.1
2026-07-08T03:00:00+09:00,8.0,7.0,1.0,4.0,2,164,3.91,24.7,99,0.1
2026-07-08T04:00:00+09:00,6.0,7.0,1.0,4.0,2,169,4.59,24.7,99,0.1
2026-07-08T05:00:00+09:00,3.0,9.0,1.0,5.0,2,193,4.67,24.7,98,0.1
2026-07-08T06:00:00+09:00,2.0,7.0,5.0,6.0,2,195,4.24,24.7,98,0.1
2026-07-08T07:00:00+09:00,1.0,8.0,5.0,6.5,2,184,5.12,24.9,97,0.1
2026-07-08T08:00:00+09:00,3.0,13.0,3.0,8.0,2,188,5.15,25.5,94,0.1
2026-07-08T09:00:00+09:00,5.0,11.0,4.0,7.5,2,183,5.46,26.7,91,0.4
2026-07-08T10:00:00+09:00,3.0,10.0,4.0,7.0,2,187,5.99,27.1,87,0.2
2026-07-08T11:00:00+09:00,5.0,10.0,6.0,8.0,2,187,5.75,27.8,82,0.2
2026-07-08T12:00:00+09:00,6.0,12.0,6.0,9.0,2,177,5.26,26.7,89,0.5
2026-07-08T13:00:00+09:00,6.0,9.0,6.0,7.5,2,176,4.61,26.4,94,1.3
2026-07-08T14:00:00+09:00,4.0,7.0,5.0,6.0,2,183,4.36,26.6,93,1.0
2026-07-08T15:00:00+09:00,4.0,12.0,3.0,7.5,2,190,5.23,25.6,93,1.0
2026-07-08T16:00:00+09:00,5.0,9.0,5.0,7.0,2,188,4.94,25.6,97,0.6
2026-07-08T17:00:00+09:00,4.0,8.0,4.0,6.0,2,200,3.72,25.8,96,0.2
2026-07-08T18:00:00+09:00,2.0,9.0,3.0,6.0,2,185,2.81,25.9,95,0.0
2026-07-08T19:00:00+09:00,1.0,12.0,3.0,7.5,2,177,2.8,25.9,96,0.0
2026-07-08T20:00:00+09:00,2.0,16.0,3.0,9.5,2,162,2.53,25.1,99,0.0
2026-07-08T21:00:00+09:00,5.0,9.0,2.0,5.5,2,171,2.79,25.1,99,0.0
2026-07-08T22:00:00+09:00,4.0,16.0,2.0,9.0,2,185,3.46,24.8,99,0.2
2026-07-08T23:00:00+09:00,3.0,10.0,1.0,5.5,2,185,4.07,24.6,98,0.1
2026-07-09T00:00:00+09:00,2.0,8.0,1.0,4.5,2,192,4.25,24.6,98,0.0
2026-07-09T01:00:00+09:00,2.0,6.0,1.0,3.5,2,199,4.4,24.5,98,0.0
2026-07-09T02:00:00+09:00,2.0,8.0,12.0,10.0,2,196,4.62,24.5,99,0.2
2026-07-09T03:00:00+09:00,2.0,13.0,13.0,13.0,2,191,3.92,24.8,97,0.2
2026-07-09T04:00:00+09:00,4.0,15.0,14.0,14.5,2,188,4.39,24.8,97,1.2
2026-07-09T05:00:00+09:00,10.0,17.0,14.0,15.5,2,202,3.99,24.4,99,1.1
2026-07-09T06:00:00+09:00,11.0,16.0,12.0,14.0,2,204,3.34,24.5,98,0.5
2026-07-09T07:00:00+09:00,10.0,12.0,11.0,11.5,2,207,3.31,24.8,98,0.4
2026-07-09T08:00:00+09:00,11.0,8.0,8.0,8.0,2,200,3.35,25.8,97,0.0
2026-07-09T09:00:00+09:00,9.0,6.0,13.0,9.5,2,190,4.22,25.0,98,0.9
2026-07-09T10:00:00+09:00,5.0,7.0,17.0,12.0,2,191,3.92,25.0,100,2.1
2026-07-09T11:00:00+09:00,5.0,6.0,7.0,6.5,2,205,4.97,25.1,98,2.4
2026-07-09T12:00:00+09:00,7.0,9.0,6.0,7.5,2,209,3.76,25.6,98,1.0
2026-07-09T13:00:00+09:00,5.0,9.0,8.0,8.5,2,197,2.04,26.3,97,0.5
2026-07-09T14:00:00+09:00,5.0,10.0,9.0,9.5,2,201,3.17,27.3,89,0.1
2026-07-09T15:00:00+09:00,5.0,8.0,9.0,8.5,2,167,3.69,27.1,88,0.2
2026-07-09T16:00:00+09:00,5.0,6.0,8.0,7.0,2,163,4.49,26.9,86,0.5
2026-07-09T17:00:00+09:00,4.0,6.0,8.0,7.0,2,169,4.32,25.7,93,0.5
2026-07-09T18:00:00+09:00,6.0,6.0,6.0,6.0,2,180,4.0,25.5,93,0.2
2026-07-09T19:00:00+09:00,8.0,12.0,4.0,8.0,2,172,3.38,24.9,96,0.2
2026-07-09T20:00:00+09:00,6.0,9.0,2.0,5.5,2,163,2.61,24.5,98,0.2
2026-07-09T21:00:00+09:00,5.0,5.0,1.0,3.0,2,159,2.52,24.8,97,0.1
2026-07-09T22:00:00+09:00,5.0,4.0,1.0,2.5,2,155,2.26,24.2,98,0.0
2026-07-09T23:00:00+09:00,5.0,5.0,1.0,3.0,2,141,1.6,23.9,98,0.0
2026-07-10T00:00:00+09:00,6.0,4.0,1.0,2.5,2,133,1.31,23.6,98,0.0
2026-07-10T01:00:00+09:00,6.0,6.0,1.0,3.5,2,144,2.15,24.1,99,0.0
2026-07-10T02:00:00+09:00,4.0,8.0,1.0,4.5,2,146,1.69,24.3,99,0.0
2026-07-10T03:00:00+09:00,5.0,7.0,9.0,8.0,2,143,1.75,24.3,99,0.0
2026-07-10T04:00:00+09:00,6.0,4.0,8.0,6.0,2,141,1.67,24.2,99,0.0
2026-07-10T05:00:00+09:00,5.0,3.0,3.0,3.0,2,142,1.85,24.4,99,0.0
2026-07-10T06:00:00+09:00,4.0,2.0,2.0,2.0,2,142,2.53,24.6,99,0.0
2026-07-10T07:00:00+09:00,7.0,4.0,4.0,4.0,2,157,3.36,25.0,98,0.0
2026-07-10T08:00:00+09:00,14.0,9.0,6.0,7.5,2,165,2.9,25.4,96,0.7
2026-07-10T09:00:00+09:00,10.0,7.0,12.0,9.5,2,167,3.08,25.6,95,0.5
2026-07-10T10:00:00+09:00,8.0,8.0,13.0,10.5,2,164,3.53,26.3,93,0.7
2026-07-10T11:00:00+09:00,7.0,5.0,12.0,8.5,2,168,3.93,27.6,86,0.4
2026-07-10T12:00:00+09:00,5.0,9.0,19.0,14.0,2,171,4.31,27.8,85,0.5
2026-07-10T13:00:00+09:00,6.0,8.0,20.0,14.0,2,172,4.14,28.2,84,0.2
2026-07-10T14:00:00+09:00,5.0,9.0,21.0,15.0,2,171,4.31,28.4,82,0.2
2026-07-10T15:00:00+09:00,6.0,10.0,21.0,15.5,2,170,4.83,28.9,80,0.3
2026-07-10T16:00:00+09:00,7.0,11.0,18.0,14.5,2,170,4.17,28.2,82,0.1
2026-07-10T17:00:00+09:00,11.0,12.0,13.0,12.5,2,170,3.71,27.9,83,0.0
2026-07-10T18:00:00+09:00,9.0,8.0,9.0,8.5,2,170,2.89,27.4,84,0.0
2026-07-10T19:00:00+09:00,7.0,7.0,9.0,8.0,2,153,1.79,26.6,87,0.0
2026-07-10T20:00:00+09:00,14.0,6.0,6.0,6.0,2,94,0.7,25.4,93,0.0
2026-07-10T21:00:00+09:00,8.0,5.0,4.0,4.5,2,107,0.68,25.3,91,0.0
2026-07-10T22:00:00+09:00,9.0,7.0,3.0,5.0,2,79,0.51,24.9,91,0.0
2026-07-10T23:00:00+09:00,13.0,7.0,1.0,4.0,2,85,0.55,24.5,91,0.0
2026-07-11T00:00:00+09:00,12.0,5.0,2.0,3.5,2,19,0.9,24.1,91,0.0
2026-07-11T01:00:00+09:00,12.0,5.0,2.0,3.5,2,19,0.9,23.6,93,0.0
2026-07-11T02:00:00+09:00,10.0,3.0,5.0,4.0,2,31,0.87,23.6,91,0.0
2026-07-11T03:00:00+09:00,9.0,2.0,4.0,3.0,2,41,0.92,23.7,91,0.0
2026-07-11T04:00:00+09:00,9.0,6.0,7.0,6.5,2,65,0.94,23.5,90,0.0
2026-07-11T05:00:00+09:00,7.0,5.0,11.0,8.0,2,54,1.11,23.5,91,0.0
2026-07-11T06:00:00+09:00,6.0,3.0,14.0,8.5,2,43,1.31,23.9,91,0.0
2026-07-11T07:00:00+09:00,10.0,5.0,20.0,12.5,2,37,1.93,25.9,86,0.0
2026-07-11T08:00:00+09:00,8.0,6.0,15.0,10.5,2,75,2.17,27.5,80,0.0
2026-07-11T09:00:00+09:00,10.0,7.0,16.0,11.5,2,104,2.93,29.0,75,0.0
2026-07-11T10:00:00+09:00,14.0,7.0,22.0,14.5,2,122,3.23,29.8,72,0.0
2026-07-11T11:00:00+09:00,10.0,8.0,25.0,16.5,2,131,3.44,30.6,68,0.0
2026-07-11T12:00:00+09:00,14.0,8.0,24.0,16.0,2,148,3.91,31.2,62,0.0
2026-07-11T13:00:00+09:00,9.0,7.0,12.0,9.5,2,155,3.91,31.0,62,0.0
2026-07-11T14:00:00+09:00,7.0,6.0,5.0,5.5,2,156,3.99,30.8,64,0.0
2026-07-11T15:00:00+09:00,4.0,4.0,7.0,5.5,2,153,3.58,30.8,64,0.0
2026-07-11T16:00:00+09:00,2.0,4.0,4.0,4.0,2,151,2.98,30.5,64,0.0
2026-07-11T17:00:00+09:00,2.0,4.0,3.0,3.5,2,151,2.8,30.0,66,0.0
2026-07-11T18:00:00+09:00,1.0,6.0,6.0,6.0,2,137,1.91,29.5,68,0.0
2026-07-11T19:00:00+09:00,5.0,7.0,3.0,5.0,2,106,0.93,28.6,76,0.0
2026-07-11T20:00:00+09:00,11.0,11.0,3.0,7.0,2,106,1.25,27.4,77,0.0
2026-07-11T21:00:00+09:00,8.0,6.0,5.0,5.5,2,98,1.72,27.8,74,0.0
2026-07-11T22:00:00+09:00,5.0,3.0,3.0,3.0,2,101,1.63,27.3,75,0.0
2026-07-11T23:00:00+09:00,15.0,3.0,2.0,2.5,2,103,1.54,26.9,77,0.0
2026-07-12T00:00:00+09:00,12.0,4.0,2.0,3.0,2,82,1.72,26.7,77,0.0
2026-07-12T01:00:00+09:00,10.0,6.0,4.0,5.0,2,98,1.82,26.5,78,0.0
2026-07-12T02:00:00+09:00,8.0,5.0,7.0,6.0,2,98,2.27,26.2,80,0.0
2026-07-12T03:00:00+09:00,9.0,6.0,8.0,7.0,2,103,2.41,26.0,82,0.0
2026-07-12T04:00:00+09:00,7.0,9.0,8.0,8.5,2,114,2.62,25.6,86,0.0
2026-07-12T05:00:00+09:00,8.0,6.0,11.0,8.5,2,118,2.77,25.8,88,0.0
2026-07-12T06:00:00+09:00,8.0,7.0,13.0,10.0,2,104,2.63,25.9,90,0.0
2026-07-12T07:00:00+09:00,12.0,10.0,13.0,11.5,2,114,3.4,26.9,86,0.0
2026-07-12T08:00:00+09:00,10.0,16.0,15.0,15.5,2,125,4.59,27.8,83,0.0
2026-07-12T09:00:00+09:00,13.0,9.0,16.0,12.5,2,135,5.06,28.6,82,0.2
2026-07-12T10:00:00+09:00,15.0,7.0,13.0,10.0,2,147,5.67,28.7,82,0.2
2026-07-12T11:00:00+09:00,11.0,5.0,15.0,10.0,2,151,5.62,28.8,82,0.5
2026-07-12T12:00:00+09:00,9.0,7.0,13.0,10.0,2,154,5.63,29.4,78,0.3
2026-07-12T13:00:00+09:00,10.0,7.0,14.0,10.5,2,157,5.67,29.5,79,0.4
2026-07-12T14:00:00+09:00,12.0,11.0,14.0,12.5,2,158,5.54,29.5,77,0.5
2026-07-12T15:00:00+09:00,12.0,11.0,11.0,11.0,2,162,5.68,29.3,81,0.6
2026-07-12T16:00:00+09:00,14.0,11.0,6.0,8.5,2,161,5.25,28.7,83,0.6
2026-07-12T17:00:00+09:00,11.0,9.0,8.0,8.5,2,159,4.97,27.8,88,0.6
2026-07-12T18:00:00+09:00,16.0,9.0,12.0,10.5,2,158,4.6,27.1,93,0.6
2026-07-12T19:00:00+09:00,14.0,12.0,11.0,11.5,2,153,4.16,26.7,95,0.2
2026-07-12T20:00:00+09:00,14.0,9.0,13.0,11.0,2,136,3.29,26.3,96,0.1
2026-07-12T21:00:00+09:00,13.0,10.0,10.0,10.0,2,142,3.49,26.4,97,0.0
2026-07-12T22:00:00+09:00,15.0,12.0,7.0,9.5,2,137,3.4,26.2,97,0.1
2026-07-12T23:00:00+09:00,14.0,8.0,5.0,6.5,2,141,3.2,26.0,98,0.2
2026-07-13T00:00:00+09:00,14.0,9.0,4.0,6.5,2,143,2.82,25.8,98,0.2
2026-07-13T01:00:00+09:00,13.0,8.0,3.0,5.5,2,143,2.89,25.6,99,0.1
2026-07-13T02:00:00+09:00,10.0,7.0,1.0,4.0,2,141,2.77,25.5,99,0.2
2026-07-13T03:00:00+09:00,7.0,10.0,1.0,5.5,2,145,2.55,25.7,99,0.2
2026-07-13T04:00:00+09:00,11.0,7.0,3.0,5.0,2,135,2.4,25.5,99,0.1
2026-07-13T05:00:00+09:00,10.0,8.0,4.0,6.0,2,138,2.55,25.4,99,0.1
2026-07-13T06:00:00+09:00,8.0,11.0,3.0,7.0,2,145,3.23,25.6,98,0.0
2026-07-13T07:00:00+09:00,8.0,12.0,3.0,7.5,2,155,4.09,26.0,98,0.1
2026-07-13T08:00:00+09:00,8.0,9.0,3.0,6.0,2,161,4.29,26.5,96,0.2
2026-07-13T09:00:00+09:00,7.0,10.0,17.0,13.5,2,162,4.74,26.1,93,0.3
2026-07-13T10:00:00+09:00,10.0,8.0,17.0,12.5,2,168,5.22,27.2,93,0.8
2026-07-13T11:00:00+09:00,14.0,12.0,13.0,12.5,2,174,5.43,28.4,87,0.1
2026-07-13T12:00:00+09:00,12.0,10.0,13.0,11.5,2,178,5.5,28.8,84,0.1
2026-07-13T13:00:00+09:00,7.0,11.0,13.0,12.0,2,179,5.45,29.1,80,0.0
2026-07-13T14:00:00+09:00,8.0,,11.0,11.0,1,176,5.01,29.2,78,0.1
2026-07-13T15:00:00+09:00,8.0,,11.0,11.0,1,177,5.21,28.9,81,0.2
2026-07-13T16:00:00+09:00,10.0,14.0,11.0,12.5,2,174,5.13,28.5,81,0.3
2026-07-13T17:00:00+09:00,9.0,11.0,11.0,11.0,2,168,5.01,28.5,81,0.1
2026-07-13T18:00:00+09:00,9.0,11.0,7.0,9.0,2,166,5.04,27.6,84,0.3
2026-07-13T19:00:00+09:00,7.0,10.0,4.0,7.0,2,161,4.38,26.6,93,0.2
2026-07-13T20:00:00+09:00,6.0,11.0,2.0,6.5,2,157,3.85,26.0,96,0.2
2026-07-13T21:00:00+09:00,5.0,10.0,4.0,7.0,2,163,3.72,26.2,96,0.2
2026-07-13T22:00:00+09:00,9.0,10.0,3.0,6.5,2,163,3.5,25.8,97,0.2
2026-07-13T23:00:00+09:00,6.0,9.0,3.0,6.0,2,164,3.43,25.6,97,0.2
2026-07-14T00:00:00+09:00,5.0,8.0,3.0,5.5,2,166,3.41,25.5,97,0.3
2026-07-14T01:00:00+09:00,5.0,7.0,3.0,5.0,2,173,3.63,25.5,98,0.5
2026-07-14T02:00:00+09:00,6.0,4.0,2.0,3.0,2,179,3.45,25.4,98,0.4
2026-07-14T03:00:00+09:00,6.0,7.0,5.0,6.0,2,177,3.25,25.5,98,0.3
2026-07-14T04:00:00+09:00,4.0,6.0,7.0,6.5,2,184,3.86,25.3,98,0.1
2026-07-14T05:00:00+09:00,6.0,8.0,7.0,7.5,2,192,3.63,25.3,98,0.3
2026-07-14T06:00:00+09:00,7.0,9.0,5.0,7.0,2,190,2.94,25.4,98,0.1
2026-07-14T07:00:00+09:00,5.0,10.0,6.0,8.0,2,178,2.45,25.7,98,0.0
2026-07-14T08:00:00+09:00,5.0,11.0,6.0,8.5,2,178,2.85,26.2,95,0.1
2026-07-14T09:00:00+09:00,9.0,8.0,5.0,6.5,2,182,3.4,27.0,91,0.1
2026-07-14T10:00:00+09:00,,7.0,6.0,6.5,2,185,4.07,27.8,87,0.3
2026-07-14T11:00:00+09:00,12.0,8.0,7.0,7.5,2,177,4.41,28.5,82,0.3
2026-07-14T12:00:00+09:00,9.0,10.0,5.0,7.5,2,181,5.45,29.3,77,0.5
2026-07-14T13:00:00+09:00,8.0,12.0,4.0,8.0,2,190,5.48,29.4,78,0.4
2026-07-14T14:00:00+09:00,9.0,11.0,8.0,9.5,2,189,5.36,29.6,77,0.4
2026-07-14T15:00:00+09:00,12.0,11.0,10.0,10.5,2,171,5.47,28.5,84,0.4
2026-07-14T16:00:00+09:00,8.0,15.0,7.0,11.0,2,175,5.67,28.0,85,0.1
2026-07-14T17:00:00+09:00,11.0,12.0,6.0,9.0,2,180,5.45,27.5,88,0.2
2026-07-14T18:00:00+09:00,12.0,16.0,8.0,12.0,2,190,5.43,26.8,93,0.6
2026-07-14T19:00:00+09:00,10.0,13.0,9.0,11.0,2,194,4.95,26.4,96,0.6
2026-07-14T20:00:00+09:00,9.0,16.0,7.0,11.5,2,191,4.28,26.0,97,0.1
2026-07-14T21:00:00+09:00,12.0,13.0,6.0,9.5,2,199,3.7,26.1,98,0.0
2026-07-14T22:00:00+09:00,15.0,12.0,6.0,9.0,2,215,5.13,26.0,96,0.1
2026-07-14T23:00:00+09:00,13.0,11.0,6.0,8.5,2,216,5.51,25.9,95,0.1
2026-07-15T00:00:00+09:00,10.0,9.0,4.0,6.5,2,222,6.02,25.5,97,2.5
2026-07-15T01:00:00+09:00,10.0,11.0,7.0,9.0,2,227,6.12,25.5,98,0.1
2026-07-15T02:00:00+09:00,7.0,7.0,9.0,8.0,2,230,5.32,25.4,97,0.0
2026-07-15T03:00:00+09:00,9.0,5.0,3.0,4.0,2,229,4.5,25.5,97,0.0
2026-07-15T04:00:00+09:00,10.0,5.0,3.0,4.0,2,236,4.17,25.4,97,0.0
2026-07-15T05:00:00+09:00,10.0,9.0,11.0,10.0,2,236,3.81,25.3,97,0.0
2026-07-15T06:00:00+09:00,10.0,9.0,9.0,9.0,2,248,3.61,25.3,96,0.0
2026-07-15T07:00:00+09:00,12.0,10.0,9.0,9.5,2,252,3.78,26.1,94,0.0
2026-07-15T08:00:00+09:00,13.0,11.0,9.0,10.0,2,253,3.67,27.2,89,0.0
2026-07-15T09:00:00+09:00,16.0,12.0,14.0,13.0,2,253,4.19,27.9,88,0.0
2026-07-15T10:00:00+09:00,20.0,11.0,17.0,14.0,2,252,3.78,28.7,84,0.1
2026-07-15T11:00:00+09:00,18.0,10.0,20.0,15.0,2,244,4.94,29.3,82,0.3
2026-07-15T12:00:00+09:00,20.0,12.0,24.0,18.0,2,264,5.53,30.6,75,0.4
2026-07-15T13:00:00+09:00,15.0,16.0,16.0,16.0,2,273,5.46,31.7,70,0.1
2026-07-15T14:00:00+09:00,10.0,14.0,17.0,15.5,2,279,5.57,31.9,63,0.0
2026-07-15T15:00:00+09:00,12.0,14.0,,14.0,1,282,4.7,32.2,58,0.0
2026-07-15T16:00:00+09:00,11.0,9.0,,9.0,1,281,4.32,31.8,53,0.0
2026-07-15T17:00:00+09:00,8.0,7.0,14.0,10.5,2,282,3.88,31.0,56,0.0
2026-07-15T18:00:00+09:00,7.0,6.0,8.0,7.0,2,290,3.62,29.9,63,0.0
2026-07-15T19:00:00+09:00,7.0,8.0,9.0,8.5,2,292,3.03,28.1,70,0.0
2026-07-15T20:00:00+09:00,7.0,10.0,7.0,8.5,2,295,2.93,26.7,72,0.0
2026-07-15T21:00:00+09:00,13.0,10.0,3.0,6.5,2,301,2.26,25.6,75,0.0
2026-07-15T22:00:00+09:00,11.0,8.0,1.0,4.5,2,288,2.42,24.8,78,0.0
2026-07-15T23:00:00+09:00,14.0,9.0,1.0,5.0,2,282,2.35,24.4,81,0.0
2026-07-16T00:00:00+09:00,13.0,8.0,1.0,4.5,2,298,2.59,24.2,81,0.0
2026-07-16T01:00:00+09:00,16.0,12.0,4.0,8.0,2,314,2.58,24.1,81,0.0
2026-07-16T02:00:00+09:00,11.0,9.0,11.0,10.0,2,314,2.16,23.8,81,0.0
2026-07-16T03:00:00+09:00,16.0,10.0,17.0,13.5,2,308,3.38,24.5,78,0.0
2026-07-16T04:00:00+09:00,11.0,8.0,16.0,12.0,2,315,3.61,24.4,77,0.0
2026-07-16T05:00:00+09:00,14.0,7.0,12.0,9.5,2,319,3.72,24.2,77,0.0
2026-07-16T06:00:00+09:00,13.0,10.0,10.0,10.0,2,319,4.0,24.4,77,0.0
2026-07-16T07:00:00+09:00,11.0,9.0,8.0,8.5,2,315,3.61,25.3,76,0.0
2026-07-16T08:00:00+09:00,17.0,9.0,11.0,10.0,2,300,2.49,26.6,75,0.0
2026-07-16T09:00:00+09:00,12.0,14.0,16.0,15.0,2,308,2.1,27.5,77,0.0
2026-07-16T10:00:00+09:00,10.0,12.0,22.0,17.0,2,297,2.68,29.6,70,0.0
2026-07-16T11:00:00+09:00,16.0,10.0,21.0,15.5,2,331,4.19,30.1,67,0.0
2026-07-16T12:00:00+09:00,15.0,10.0,19.0,14.5,2,343,3.92,29.5,75,0.0
2026-07-16T13:00:00+09:00,11.0,23.0,22.0,22.5,2,332,2.95,29.8,73,0.0
2026-07-16T14:00:00+09:00,11.0,33.0,25.0,29.0,2,305,2.26,30.6,70,0.0
2026-07-16T15:00:00+09:00,11.0,25.0,24.0,24.5,2,256,2.32,30.9,70,0.2
2026-07-16T16:00:00+09:00,15.0,24.0,13.0,18.5,2,254,1.61,30.1,74,0.1
2026-07-16T17:00:00+09:00,12.0,14.0,13.0,13.5,2,229,2.3,29.2,81,0.1
2026-07-16T18:00:00+09:00,7.0,15.0,12.0,13.5,2,236,1.98,28.5,86,0.0
2026-07-16T19:00:00+09:00,10.0,14.0,11.0,12.5,2,252,1.11,27.9,91,0.0
2026-07-16T20:00:00+09:00,11.0,18.0,15.0,16.5,2,259,1.02,27.2,95,0.1
2026-07-16T21:00:00+09:00,11.0,15.0,11.0,13.0,2,226,1.38,27.1,94,0.0
2026-07-16T22:00:00+09:00,14.0,11.0,10.0,10.5,2,236,1.62,26.3,97,0.0
2026-07-16T23:00:00+09:00,13.0,11.0,9.0,10.0,2,257,1.38,26.0,97,0.2
2026-07-17T00:00:00+09:00,11.0,15.0,11.0,13.0,2,273,0.95,25.8,98,0.0
2026-07-17T01:00:00+09:00,10.0,15.0,12.0,13.5,2,274,0.75,25.6,98,0.0
2026-07-17T02:00:00+09:00,12.0,14.0,7.0,10.5,2,258,0.72,25.4,98,0.0
2026-07-17T03:00:00+09:00,10.0,13.0,8.0,10.5,2,273,0.9,25.4,99,0.0
2026-07-17T04:00:00+09:00,9.0,14.0,8.0,11.0,2,263,0.4,25.2,99,0.0
2026-07-17T05:00:00+09:00,10.0,13.0,6.0,9.5,2,323,0.5,25.2,99,0.0
2026-07-17T06:00:00+09:00,10.0,13.0,7.0,10.0,2,265,0.55,25.3,98,0.0
2026-07-17T07:00:00+09:00,9.0,9.0,7.0,8.0,2,117,0.34,26.0,97,0.0
2026-07-17T08:00:00+09:00,11.0,10.0,12.0,11.0,2,153,0.11,27.3,90,0.0
2026-07-17T09:00:00+09:00,14.0,10.0,17.0,13.5,2,195,0.78,29.1,86,0.0
2026-07-17T10:00:00+09:00,10.0,14.0,22.0,18.0,2,214,2.3,29.6,85,0.3
2026-07-17T11:00:00+09:00,12.0,15.0,25.0,20.0,2,226,2.65,30.0,87,0.7
2026-07-17T12:00:00+09:00,8.0,22.0,26.0,24.0,2,236,3.02,29.5,90,1.3
2026-07-17T13:00:00+09:00,11.0,28.0,23.0,25.5,2,252,2.06,28.0,95,4.7
2026-07-17T14:00:00+09:00,11.0,15.0,12.0,13.5,2,253,1.68,28.2,97,1.3
2026-07-17T15:00:00+09:00,12.0,14.0,11.0,12.5,2,37,0.75,27.2,97,0.2
2026-07-17T16:00:00+09:00,10.0,11.0,17.0,14.0,2,232,0.57,28.2,95,0.5
2026-07-17T17:00:00+09:00,10.0,13.0,11.0,12.0,2,249,1.55,27.6,97,1.0
2026-07-17T18:00:00+09:00,9.0,12.0,6.0,9.0,2,268,1.2,27.2,97,0.9
2026-07-17T19:00:00+09:00,9.0,11.0,11.0,11.0,2,343,0.52,26.7,98,2.2
2026-07-17T20:00:00+09:00,9.0,11.0,10.0,10.5,2,342,0.32,26.4,99,0.1
2026-07-17T21:00:00+09:00,10.0,11.0,6.0,8.5,2,160,1.6,27.4,97,0.0
2026-07-17T22:00:00+09:00,16.0,18.0,6.0,12.0,2,152,1.3,26.9,98,0.0
2026-07-17T23:00:00+09:00,12.0,20.0,7.0,13.5,2,99,0.91,26.7,98,0.0
2026-07-18T00:00:00+09:00,17.0,20.0,11.0,15.5,2,88,1.2,26.6,98,0.1
2026-07-18T01:00:00+09:00,16.0,27.0,9.0,18.0,2,113,1.3,26.3,99,0.0
2026-07-18T02:00:00+09:00,18.0,22.0,10.0,16.0,2,131,1.38,26.0,99,0.0
2026-07-18T03:00:00+09:00,18.0,17.0,10.0,13.5,2,150,2.13,26.1,99,0.0
2026-07-18T04:00:00+09:00,13.0,10.0,10.0,10.0,2,143,2.5,25.7,99,0.0
2026-07-18T05:00:00+09:00,11.0,15.0,11.0,13.0,2,152,1.92,25.6,99,0.0
2026-07-18T06:00:00+09:00,10.0,13.0,9.0,11.0,2,164,1.66,25.7,99,0.0
2026-07-18T07:00:00+09:00,9.0,9.0,8.0,8.5,2,182,1.85,26.0,98,0.1
2026-07-18T08:00:00+09:00,11.0,9.0,5.0,7.0,2,190,1.93,26.7,94,0.0
2026-07-18T09:00:00+09:00,11.0,8.0,9.0,8.5,2,180,1.95,27.8,93,0.0
2026-07-18T10:00:00+09:00,9.0,7.0,12.0,9.5,2,190,2.24,29.0,85,0.1
2026-07-18T11:00:00+09:00,8.0,9.0,12.0,10.5,2,205,3.24,29.3,84,0.6
2026-07-18T12:00:00+09:00,9.0,12.0,12.0,12.0,2,227,3.36,29.9,84,0.2
2026-07-18T13:00:00+09:00,10.0,11.0,13.0,12.0,2,214,3.27,30.2,83,0.0
2026-07-18T14:00:00+09:00,10.0,13.0,16.0,14.5,2,212,3.34,30.0,82,0.0
2026-07-18T15:00:00+09:00,9.0,13.0,16.0,14.5,2,164,3.64,29.4,83,0.3
2026-07-18T16:00:00+09:00,8.0,11.0,10.0,10.5,2,170,2.89,27.8,96,2.4
2026-07-18T17:00:00+09:00,11.0,17.0,13.0,15.0,2,165,3.31,27.8,95,0.2
2026-07-18T18:00:00+09:00,10.0,13.0,13.0,13.0,2,203,2.67,27.3,96,1.2
2026-07-18T19:00:00+09:00,9.0,15.0,11.0,13.0,2,205,2.1,26.5,98,0.8
2026-07-18T20:00:00+09:00,13.0,10.0,8.0,9.0,2,185,0.55,26.2,99,0.0
2026-07-18T21:00:00+09:00,11.0,14.0,5.0,9.5,2,153,3.6,26.4,99,0.0
2026-07-18T22:00:00+09:00,17.0,16.0,4.0,10.0,2,163,2.56,26.2,99,0.6
2026-07-18T23:00:00+09:00,15.0,12.0,8.0,10.0,2,144,1.18,26.2,98,0.9
2026-07-19T00:00:00+09:00,15.0,11.0,7.0,9.0,2,128,0.89,26.1,99,0.1
2026-07-19T01:00:00+09:00,12.0,12.0,9.0,10.5,2,196,1.61,26.1,100,0.4
2026-07-19T02:00:00+09:00,10.0,9.0,6.0,7.5,2,117,0.11,26.2,99,0.2
2026-07-19T03:00:00+09:00,10.0,7.0,4.0,5.5,2,197,1.2,25.7,99,0.0
2026-07-19T04:00:00+09:00,10.0,9.0,8.0,8.5,2,221,2.45,25.5,99,3.3
2026-07-19T05:00:00+09:00,12.0,7.0,14.0,10.5,2,230,1.77,25.2,98,1.9
2026-07-19T06:00:00+09:00,9.0,6.0,7.0,6.5,2,216,1.61,25.1,98,1.4
2026-07-19T07:00:00+09:00,10.0,9.0,8.0,8.5,2,229,1.84,24.8,98,11.3
2026-07-19T08:00:00+09:00,9.0,11.0,6.0,8.5,2,225,0.49,25.2,96,1.1
2026-07-19T09:00:00+09:00,9.0,9.0,6.0,7.5,2,191,2.04,27.4,94,0.2
2026-07-19T10:00:00+09:00,8.0,12.0,10.0,11.0,2,206,2.55,28.0,91,0.2
2026-07-19T11:00:00+09:00,8.0,11.0,14.0,12.5,2,204,2.8,28.6,88,0.2
2026-07-19T12:00:00+09:00,5.0,11.0,16.0,13.5,2,207,3.42,29.8,82,0.2
2026-07-19T13:00:00+09:00,8.0,16.0,18.0,17.0,2,208,2.59,29.0,90,1.5
2026-07-19T14:00:00+09:00,9.0,9.0,18.0,13.5,2,243,3.13,28.3,94,3.2
2026-07-19T15:00:00+09:00,9.0,13.0,17.0,15.0,2,224,2.02,28.3,91,12.1
2026-07-19T16:00:00+09:00,12.0,14.0,8.0,11.0,2,267,1.75,28.0,97,1.7
2026-07-19T17:00:00+09:00,11.0,13.0,13.0,13.0,2,264,1.86,28.0,94,0.2
2026-07-19T18:00:00+09:00,14.0,15.0,13.0,14.0,2,258,1.99,27.8,92,0.4
2026-07-19T19:00:00+09:00,10.0,12.0,9.0,10.5,2,270,1.4,27.0,97,1.6
2026-07-19T20:00:00+09:00,7.0,14.0,12.0,13.0,2,285,0.57,26.5,98,0.0
2026-07-19T21:00:00+09:00,6.0,12.0,8.0,10.0,2,205,0.72,27.2,97,0.0
2026-07-19T22:00:00+09:00,9.0,17.0,6.0,11.5,2,153,1.34,26.6,98,0.0
2026-07-19T23:00:00+09:00,15.0,19.0,4.0,11.5,2,231,2.77,25.3,97,1.4
2026-07-20T00:00:00+09:00,13.0,13.0,7.0,10.0,2,265,0.55,25.2,98,2.3
2026-07-20T01:00:00+09:00,12.0,17.0,10.0,13.5,2,72,0.32,25.2,98,0.1
2026-07-20T02:00:00+09:00,11.0,15.0,17.0,16.0,2,83,1.31,25.1,99,0.1
2026-07-20T03:00:00+09:00,13.0,18.0,15.0,16.5,2,34,0.72,24.9,99,0.0
2026-07-20T04:00:00+09:00,14.0,21.0,9.0,15.0,2,84,1.0,25.2,99,0.0
2026-07-20T05:00:00+09:00,17.0,22.0,12.0,17.0,2,117,1.45,25.2,99,0.1
2026-07-20T06:00:00+09:00,20.0,24.0,18.0,21.0,2,92,1.8,25.0,99,0.6
2026-07-20T07:00:00+09:00,17.0,15.0,16.0,15.5,2,65,1.43,25.5,98,0.4
2026-07-20T08:00:00+09:00,15.0,17.0,11.0,14.0,2,106,2.14,26.1,96,0.4
2026-07-20T09:00:00+09:00,15.0,13.0,10.0,11.5,2,179,3.95,27.6,95,0.5
2026-07-20T10:00:00+09:00,10.0,11.0,14.0,12.5,2,175,4.31,28.3,87,0.5
2026-07-20T11:00:00+09:00,8.0,12.0,15.0,13.5,2,196,3.32,29.0,81,0.5
2026-07-20T12:00:00+09:00,13.0,10.0,17.0,13.5,2,212,3.59,30.2,74,0.3
2026-07-20T13:00:00+09:00,12.0,13.0,19.0,16.0,2,223,4.32,29.6,79,0.4
2026-07-20T14:00:00+09:00,13.0,15.0,16.0,15.5,2,224,4.74,30.1,80,0.3
2026-07-20T15:00:00+09:00,12.0,16.0,7.0,11.5,2,222,6.09,30.1,76,0.1
2026-07-20T16:00:00+09:00,14.0,14.0,11.0,12.5,2,217,5.89,29.8,75,0.1
2026-07-20T17:00:00+09:00,10.0,11.0,10.0,10.5,2,215,5.06,29.4,76,0.0
2026-07-20T18:00:00+09:00,8.0,8.0,6.0,7.0,2,216,3.72,28.8,80,0.0
2026-07-20T19:00:00+09:00,6.0,7.0,8.0,7.5,2,222,2.34,28.1,85,0.0
2026-07-20T20:00:00+09:00,11.0,7.0,4.0,5.5,2,208,2.37,27.1,88,0.0
2026-07-20T21:00:00+09:00,10.0,6.0,2.0,4.0,2,198,1.9,26.8,92,0.0
2026-07-20T22:00:00+09:00,11.0,9.0,1.0,5.0,2,181,1.95,26.3,93,0.0
2026-07-20T23:00:00+09:00,12.0,9.0,1.0,5.0,2,171,2.33,26.0,94,0.0
2026-07-21T00:00:00+09:00,7.0,12.0,1.0,6.5,2,183,2.8,26.1,91,0.0
2026-07-21T01:00:00+09:00,10.0,8.0,4.0,6.0,2,191,3.11,26.0,93,0.0
2026-07-21T02:00:00+09:00,5.0,6.0,8.0,7.0,2,191,3.41,25.9,95,0.1
2026-07-21T03:00:00+09:00,6.0,7.0,9.0,8.0,2,197,3.29,25.6,98,0.0
2026-07-21T04:00:00+09:00,7.0,6.0,8.0,7.0,2,195,3.72,25.5,98,0.5
2026-07-21T05:00:00+09:00,7.0,5.0,6.0,5.5,2,188,3.89,26.0,95,0.7
2026-07-21T06:00:00+09:00,6.0,4.0,6.0,5.0,2,190,3.4,25.6,93,1.6
2026-07-21T07:00:00+09:00,4.0,6.0,6.0,6.0,2,189,3.75,26.2,96,0.4
2026-07-21T08:00:00+09:00,2.0,4.0,5.0,4.5,2,186,3.17,26.9,94,0.0
2026-07-21T09:00:00+09:00,4.0,5.0,9.0,7.0,2,186,4.47,27.7,92,0.3
2026-07-21T10:00:00+09:00,5.0,8.0,10.0,9.0,2,186,5.08,28.2,88,0.2
2026-07-21T11:00:00+09:00,7.0,7.0,11.0,9.0,2,190,5.13,29.2,80,0.4
2026-07-21T12:00:00+09:00,6.0,5.0,18.0,11.5,2,194,5.0,30.0,75,0.1
2026-07-21T13:00:00+09:00,8.0,11.0,17.0,14.0,2,203,5.22,30.3,72,0.1
2026-07-21T14:00:00+09:00,10.0,8.0,8.0,8.0,2,207,5.01,30.8,69,0.0
2026-07-21T15:00:00+09:00,10.0,9.0,7.0,8.0,2,192,4.44,30.3,73,0.0
2026-07-21T16:00:00+09:00,10.0,11.0,12.0,11.5,2,186,4.43,30.0,74,0.0
2026-07-21T17:00:00+09:00,8.0,9.0,8.0,8.5,2,185,3.87,29.4,77,0.0
2026-07-21T18:00:00+09:00,11.0,10.0,7.0,8.5,2,186,3.17,28.8,80,0.0
2026-07-21T19:00:00+09:00,11.0,6.0,6.0,6.0,2,170,2.49,27.9,87,0.0
2026-07-21T20:00:00+09:00,7.0,5.0,4.0,4.5,2,155,1.66,26.8,93,0.0
2026-07-21T21:00:00+09:00,9.0,9.0,3.0,6.0,2,166,1.9,26.9,97,0.0
2026-07-21T22:00:00+09:00,8.0,9.0,1.0,5.0,2,180,1.75,26.4,99,0.0
2026-07-21T23:00:00+09:00,9.0,11.0,3.0,7.0,2,202,1.35,26.3,99,0.0
2026-07-22T00:00:00+09:00,9.0,9.0,7.0,8.0,2,224,1.59,26.5,97,0.0
2026-07-22T01:00:00+09:00,10.0,9.0,9.0,9.0,2,234,2.72,26.8,93,0.0
2026-07-22T02:00:00+09:00,11.0,10.0,6.0,8.0,2,239,3.14,26.2,92,0.0
2026-07-22T03:00:00+09:00,10.0,8.0,7.0,7.5,2,234,2.61,26.3,95,0.0
2026-07-22T04:00:00+09:00,10.0,9.0,8.0,8.5,2,236,2.52,25.9,97,0.1
2026-07-22T05:00:00+09:00,13.0,13.0,9.0,11.0,2,240,1.21,25.8,96,0.0
2026-07-22T06:00:00+09:00,10.0,10.0,8.0,9.0,2,241,1.03,25.8,96,0.0
2026-07-22T07:00:00+09:00,9.0,10.0,5.0,7.5,2,228,2.34,26.8,91,0.1
2026-07-22T08:00:00+09:00,7.0,8.0,16.0,12.0,2,230,3.05,27.2,90,0.1
2026-07-22T09:00:00+09:00,10.0,7.0,24.0,15.5,2,211,3.61,28.2,90,0.1
2026-07-22T10:00:00+09:00,8.0,9.0,15.0,12.0,2,206,4.05,29.2,81,0.2
2026-07-22T11:00:00+09:00,10.0,8.0,10.0,9.0,2,202,4.31,30.2,74,0.1
2026-07-22T12:00:00+09:00,10.0,5.0,12.0,8.5,2,196,4.32,30.5,72,0.1
2026-07-22T13:00:00+09:00,9.0,4.0,7.0,5.5,2,199,4.65,30.8,69,0.1
2026-07-22T14:00:00+09:00,7.0,7.0,5.0,6.0,2,205,5.12,30.9,68,0.0
2026-07-22T15:00:00+09:00,7.0,8.0,4.0,6.0,2,204,4.83,30.7,67,0.0
2026-07-22T16:00:00+09:00,9.0,6.0,7.0,6.5,2,201,4.49,30.3,68,0.0
2026-07-22T17:00:00+09:00,7.0,11.0,3.0,7.0,2,197,3.92,29.5,71,0.0
2026-07-22T18:00:00+09:00,5.0,9.0,1.0,5.0,2,199,3.81,29.0,74,0.0
2026-07-22T19:00:00+09:00,8.0,8.0,7.0,7.5,2,195,3.0,27.9,83,0.0
2026-07-22T20:00:00+09:00,8.0,7.0,7.0,7.0,2,198,2.21,26.9,89,0.0
2026-07-22T21:00:00+09:00,7.0,8.0,4.0,6.0,2,199,2.32,27.0,92,0.0
2026-07-22T22:00:00+09:00,6.0,8.0,2.0,5.0,2,191,2.14,26.6,96,0.1
2026-07-22T23:00:00+09:00,10.0,11.0,1.0,6.0,2,200,2.5,26.4,97,0.1
2026-07-23T00:00:00+09:00,6.0,12.0,1.0,6.5,2,194,2.63,26.4,97,0.0
2026-07-23T01:00:00+09:00,6.0,9.0,1.0,5.0,2,196,2.55,26.4,97,0.1
2026-07-23T02:00:00+09:00,6.0,6.0,8.0,7.0,2,199,1.96,26.4,98,0.1
2026-07-23T03:00:00+09:00,5.0,8.0,14.0,11.0,2,185,1.61,26.2,99,0.0
2026-07-23T04:00:00+09:00,6.0,6.0,10.0,8.0,2,180,0.65,25.9,99,0.0
2026-07-23T05:00:00+09:00,8.0,6.0,8.0,7.0,2,148,0.65,25.8,100,0.0
2026-07-23T06:00:00+09:00,6.0,5.0,6.0,5.5,2,144,0.68,25.9,99,0.0
2026-07-23T07:00:00+09:00,7.0,6.0,5.0,5.5,2,172,0.71,26.3,97,0.0
2026-07-23T08:00:00+09:00,10.0,6.0,8.0,7.0,2,220,2.16,27.2,91,0.1
2026-07-23T09:00:00+09:00,9.0,12.0,10.0,11.0,2,222,3.01,28.1,86,0.2
2026-07-23T10:00:00+09:00,13.0,8.0,14.0,11.0,2,216,3.94,29.2,79,0.2
2026-07-23T11:00:00+09:00,13.0,9.0,21.0,15.0,2,206,3.51,30.4,75,0.0
2026-07-23T12:00:00+09:00,14.0,14.0,23.0,18.5,2,216,4.37,30.8,73,0.1
2026-07-23T13:00:00+09:00,14.0,13.0,17.0,15.0,2,222,4.43,31.2,69,0.0
2026-07-23T14:00:00+09:00,12.0,12.0,8.0,10.0,2,224,4.84,31.4,67,0.2
2026-07-23T15:00:00+09:00,14.0,10.0,14.0,12.0,2,219,5.22,30.6,72,0.2
2026-07-23T16:00:00+09:00,9.0,13.0,13.0,13.0,2,220,5.68,30.3,71,0.1
2026-07-23T17:00:00+09:00,15.0,10.0,9.0,9.5,2,217,4.85,29.9,71,0.0
2026-07-23T18:00:00+09:00,10.0,11.0,5.0,8.0,2,218,4.06,29.3,74,0.0
2026-07-23T19:00:00+09:00,10.0,7.0,9.0,8.0,2,216,3.01,28.5,79,0.0
2026-07-23T20:00:00+09:00,12.0,12.0,10.0,11.0,2,216,2.47,27.4,82,0.0
2026-07-23T21:00:00+09:00,10.0,12.0,6.0,9.0,2,203,1.95,27.0,85,0.0
2026-07-23T22:00:00+09:00,11.0,17.0,4.0,10.5,2,207,1.45,26.4,89,0.0
2026-07-23T23:00:00+09:00,16.0,8.0,2.0,5.0,2,221,0.92,25.8,92,0.0
2026-07-24T00:00:00+09:00,11.0,9.0,4.0,6.5,2,236,0.18,25.7,92,0.0
2026-07-24T01:00:00+09:00,14.0,10.0,8.0,9.0,2,45,0.14,25.4,93,0.0
2026-07-24T02:00:00+09:00,14.0,8.0,3.0,5.5,2,18,0.16,25.0,95,0.0
2026-07-24T03:00:00+09:00,12.0,9.0,1.0,5.0,2,37,0.5,24.8,96,0.0
2026-07-24T04:00:00+09:00,12.0,6.0,3.0,4.5,2,34,0.54,24.4,96,0.0
2026-07-24T05:00:00+09:00,15.0,6.0,7.0,6.5,2,27,0.45,24.2,97,0.0
2026-07-24T06:00:00+09:00,14.0,5.0,8.0,6.5,2,34,0.54,24.2,97,0.0
2026-07-24T07:00:00+09:00,12.0,8.0,11.0,9.5,2,39,0.32,26.0,92,0.0
2026-07-24T08:00:00+09:00,12.0,12.0,4.0,8.0,2,234,1.18,27.2,88,0.0
2026-07-24T09:00:00+09:00,12.0,9.0,1.0,5.0,2,240,0.81,28.8,80,0.0
2026-07-24T10:00:00+09:00,11.0,7.0,2.0,4.5,2,215,1.94,29.8,76,0.1
2026-07-24T11:00:00+09:00,9.0,5.0,13.0,9.0,2,207,2.3,30.6,71,0.1
2026-07-24T12:00:00+09:00,8.0,6.0,17.0,11.5,2,210,2.53,31.6,67,0.0
2026-07-24T13:00:00+09:00,7.0,9.0,9.0,9.0,2,216,3.01,32.5,62,0.0
2026-07-24T14:00:00+09:00,7.0,7.0,6.0,6.5,2,210,3.05,32.9,59,0.0
2026-07-24T15:00:00+09:00,7.0,4.0,6.0,5.0,2,195,3.52,32.3,63,0.0
2026-07-24T16:00:00+09:00,5.0,6.0,6.0,6.0,2,191,3.27,31.9,63,0.0
2026-07-24T17:00:00+09:00,6.0,8.0,4.0,6.0,2,182,3.65,31.1,66,0.0
2026-07-24T18:00:00+09:00,6.0,12.0,3.0,7.5,2,174,3.62,29.7,74,0.0
2026-07-24T19:00:00+09:00,6.0,9.0,4.0,6.5,2,177,2.9,28.5,81,0.0
2026-07-24T20:00:00+09:00,5.0,8.0,9.0,8.5,2,187,2.16,27.4,87,0.0
2026-07-24T21:00:00+09:00,4.0,8.0,11.0,9.5,2,196,2.29,27.2,93,0.0
2026-07-24T22:00:00+09:00,6.0,8.0,6.0,7.0,2,209,1.84,26.7,95,0.0
2026-07-24T23:00:00+09:00,6.0,7.0,4.0,5.5,2,228,1.35,26.4,97,0.0
2026-07-25T00:00:00+09:00,6.0,5.0,2.0,3.5,2,231,1.1,26.2,97,0.0
2026-07-25T01:00:00+09:00,7.0,4.0,2.0,3.0,2,246,1.21,26.1,98,0.0
2026-07-25T02:00:00+09:00,6.0,6.0,2.0,4.0,2,267,1.0,26.2,98,0.0
2026-07-25T03:00:00+09:00,5.0,6.0,1.0,3.5,2,303,1.48,25.9,99,0.0
2026-07-25T04:00:00+09:00,4.0,4.0,1.0,2.5,2,304,1.15,25.5,98,0.0
2026-07-25T05:00:00+09:00,7.0,2.0,1.0,1.5,2,335,1.16,25.2,98,0.0
2026-07-25T06:00:00+09:00,5.0,2.0,4.0,3.0,2,337,1.41,25.2,97,0.0
2026-07-25T07:00:00+09:00,4.0,3.0,5.0,4.0,2,317,1.03,26.3,93,0.0
2026-07-25T08:00:00+09:00,7.0,3.0,6.0,4.5,2,247,1.63,28.1,83,0.0
2026-07-25T09:00:00+09:00,5.0,5.0,10.0,7.5,2,236,2.16,29.4,78,0.0
2026-07-25T10:00:00+09:00,4.0,3.0,16.0,9.5,2,232,2.6,30.4,72,0.0
2026-07-25T11:00:00+09:00,3.0,2.0,19.0,10.5,2,234,2.61,31.6,66,0.0
2026-07-25T12:00:00+09:00,3.0,5.0,10.0,7.5,2,235,3.23,31.8,66,0.2
2026-07-25T13:00:00+09:00,3.0,6.0,5.0,5.5,2,237,3.18,32.3,63,0.0
2026-07-25T14:00:00+09:00,2.0,7.0,7.0,7.0,2,233,3.07,32.3,64,0.0
2026-07-25T15:00:00+09:00,2.0,4.0,10.0,7.0,2,215,2.51,32.4,66,0.0
2026-07-25T16:00:00+09:00,3.0,1.0,8.0,4.5,2,216,2.47,31.9,68,0.3
2026-07-25T17:00:00+09:00,3.0,3.0,6.0,4.5,2,227,2.72,31.9,68,0.1
2026-07-25T18:00:00+09:00,3.0,7.0,3.0,5.0,2,221,2.77,30.9,73,0.0
2026-07-25T19:00:00+09:00,2.0,12.0,4.0,8.0,2,226,2.93,29.6,78,0.0
2026-07-25T20:00:00+09:00,1.0,7.0,9.0,8.0,2,237,2.63,28.4,82,0.0
2026-07-25T21:00:00+09:00,2.0,3.0,5.0,4.0,2,238,2.47,28.0,86,0.0
2026-07-25T22:00:00+09:00,2.0,4.0,2.0,3.0,2,248,1.77,27.4,90,0.0
2026-07-25T23:00:00+09:00,4.0,4.0,1.0,2.5,2,263,1.16,27.0,93,0.0
2026-07-26T00:00:00+09:00,4.0,3.0,1.0,2.0,2,275,1.15,26.7,95,0.0
2026-07-26T01:00:00+09:00,3.0,4.0,1.0,2.5,2,284,1.6,26.7,94,0.0
2026-07-26T02:00:00+09:00,2.0,4.0,1.0,2.5,2,301,1.64,26.5,94,0.0
2026-07-26T03:00:00+09:00,2.0,3.0,1.0,2.0,2,303,1.66,26.5,94,0.0
2026-07-26T04:00:00+09:00,1.0,1.0,2.0,1.5,2,301,1.75,26.2,95,0.0
2026-07-26T05:00:00+09:00,1.0,1.0,7.0,4.0,2,310,2.09,26.4,95,0.0
2026-07-26T06:00:00+09:00,1.0,2.0,10.0,6.0,2,306,1.86,26.5,94,0.0
2026-07-26T07:00:00+09:00,1.0,1.0,7.0,4.0,2,312,2.09,27.8,87,0.0
2026-07-26T08:00:00+09:00,1.0,3.0,4.0,3.5,2,314,1.59,28.9,81,0.0
2026-07-26T09:00:00+09:00,2.0,2.0,3.0,2.5,2,292,0.81,30.5,76,0.0
2026-07-26T10:00:00+09:00,1.0,5.0,11.0,8.0,2,232,1.21,31.5,70,0.0
2026-07-26T11:00:00+09:00,1.0,4.0,15.0,9.5,2,225,1.77,32.4,65,0.0
2026-07-26T12:00:00+09:00,1.0,5.0,12.0,8.5,2,232,2.21,33.0,62,0.2
2026-07-26T13:00:00+09:00,1.0,5.0,6.0,5.5,2,234,2.65,33.1,61,0.3
2026-07-26T14:00:00+09:00,1.0,14.0,1.0,7.5,2,236,2.84,33.3,60,0.5
2026-07-26T15:00:00+09:00,1.0,9.0,1.0,5.0,2,236,2.12,34.1,56,0.4
2026-07-26T16:00:00+09:00,1.0,5.0,1.0,3.0,2,221,2.84,32.8,62,0.3
2026-07-26T17:00:00+09:00,1.0,7.0,2.0,4.5,2,229,3.76,32.0,65,0.1
2026-07-26T18:00:00+09:00,,6.0,6.0,6.0,2,228,3.54,31.1,71,0.0
2026-07-26T19:00:00+09:00,,8.0,3.0,5.5,2,225,3.46,29.7,78,0.0
2026-07-26T20:00:00+09:00,,6.0,1.0,3.5,2,240,2.78,28.4,85,0.0
2026-07-26T21:00:00+09:00,,4.0,1.0,2.5,2,253,2.36,28.3,90,0.0
2026-07-26T22:00:00+09:00,,2.0,1.0,1.5,2,301,1.17,27.6,93,0.0
2026-07-26T23:00:00+09:00,,2.0,1.0,1.5,2,282,0.72,27.0,97,0.0
2026-07-27T00:00:00+09:00,,2.0,1.0,1.5,2,291,1.5,26.8,97,0.0
2026-07-27T01:00:00+09:00,,3.0,2.0,2.5,2,306,1.72,26.6,97,0.0
2026-07-27T02:00:00+09:00,,1.0,5.0,3.0,2,294,1.7,26.5,96,0.0
2026-07-27T03:00:00+09:00,,1.0,3.0,2.0,2,289,2.12,26.7,96,0.0
2026-07-27T04:00:00+09:00,,1.0,1.0,1.0,2,297,1.79,26.2,96,0.0
2026-07-27T05:00:00+09:00,,1.0,1.0,1.0,2,313,2.26,26.1,95,0.0
2026-07-27T06:00:00+09:00,,1.0,1.0,1.0,2,324,1.86,25.9,96,0.0
2026-07-27T07:00:00+09:00,,1.0,1.0,1.0,2,324,2.22,27.4,88,0.0
2026-07-27T08:00:00+09:00,4.0,1.0,1.0,1.0,2,330,1.97,28.8,80,0.0
2026-07-27T09:00:00+09:00,2.0,3.0,10.0,6.5,2,264,1.0,30.1,76,0.0
2026-07-27T10:00:00+09:00,1.0,7.0,16.0,11.5,2,238,1.3,30.9,72,0.0
2026-07-27T11:00:00+09:00,2.0,10.0,16.0,13.0,2,235,2.19,31.9,68,0.0
2026-07-27T12:00:00+09:00,1.0,18.0,7.0,12.5,2,230,2.55,33.0,63,0.0
2026-07-27T13:00:00+09:00,1.0,,3.0,3.0,1,219,2.81,33.9,58,0.0
2026-07-27T14:00:00+09:00,1.0,8.0,1.0,4.5,2,228,2.94,34.2,58,0.0
2026-07-27T15:00:00+09:00,1.0,4.0,3.0,3.5,2,238,2.94,33.9,58,0.2
2026-07-27T16:00:00+09:00,1.0,6.0,7.0,6.5,2,235,3.66,32.7,65,0.3
2026-07-27T17:00:00+09:00,1.0,7.0,4.0,5.5,2,230,3.48,32.1,68,0.0
2026-07-27T18:00:00+09:00,1.0,5.0,1.0,3.0,2,229,3.58,31.1,71,0.0
2026-07-27T19:00:00+09:00,1.0,4.0,1.0,2.5,2,235,3.05,29.9,75,0.0
2026-07-27T20:00:00+09:00,,5.0,2.0,3.5,2,237,2.21,28.9,81,0.0
2026-07-27T21:00:00+09:00,2.0,5.0,7.0,6.0,2,260,1.73,29.0,82,0.0
2026-07-27T22:00:00+09:00,2.0,2.0,4.0,3.0,2,286,1.87,28.4,80,0.0
2026-07-27T23:00:00+09:00,2.0,2.0,2.0,2.0,2,288,1.99,27.8,79,0.0
2026-07-28T00:00:00+09:00,1.0,3.0,1.0,2.0,2,288,2.06,27.0,83,0.0
2026-07-28T01:00:00+09:00,1.0,2.0,1.0,1.5,2,307,2.25,26.3,87,0.0
2026-07-28T02:00:00+09:00,2.0,2.0,1.0,1.5,2,307,2.5,25.9,90,0.0
2026-07-28T03:00:00+09:00,4.0,4.0,2.0,3.0,2,312,2.69,25.5,93,0.0
2026-07-28T04:00:00+09:00,3.0,3.0,2.0,2.5,2,312,2.48,25.3,93,0.0
2026-07-28T05:00:00+09:00,1.0,4.0,3.0,3.5,2,317,3.08,25.0,93,0.0
2026-07-28T06:00:00+09:00,2.0,4.0,7.0,5.5,2,314,3.25,24.9,93,0.0
2026-07-28T07:00:00+09:00,2.0,3.0,6.0,4.5,2,315,3.46,26.4,86,0.0
2026-07-28T08:00:00+09:00,3.0,4.0,4.0,4.0,2,311,3.12,27.8,80,0.0
2026-07-28T09:00:00+09:00,3.0,5.0,4.0,4.5,2,305,3.48,29.7,72,0.0
2026-07-28T10:00:00+09:00,2.0,4.0,6.0,5.0,2,308,3.31,31.1,66,0.0
2026-07-28T11:00:00+09:00,2.0,3.0,14.0,8.5,2,307,3.18,32.6,60,0.0
2026-07-28T12:00:00+09:00,4.0,4.0,21.0,12.5,2,294,3.11,33.9,55,0.0
2026-07-28T13:00:00+09:00,4.0,5.0,19.0,12.0,2,278,3.13,34.8,52,0.0
2026-07-28T14:00:00+09:00,3.0,5.0,7.0,6.0,2,281,3.52,35.6,49,0.0
2026-07-28T15:00:00+09:00,5.0,6.0,3.0,4.5,2,289,3.45,35.5,50,0.0
2026-07-28T16:00:00+09:00,8.0,5.0,2.0,3.5,2,301,3.46,35.1,50,0.0
2026-07-28T17:00:00+09:00,6.0,3.0,5.0,4.0,2,298,3.29,34.6,51,0.0
2026-07-28T18:00:00+09:00,5.0,5.0,8.0,6.5,2,301,3.83,33.7,54,0.0
2026-07-28T19:00:00+09:00,3.0,4.0,5.0,4.5,2,308,3.53,31.9,61,0.0
2026-07-28T20:00:00+09:00,2.0,3.0,2.0,2.5,2,328,4.13,30.5,65,0.0
2026-07-28T21:00:00+09:00,3.0,3.0,4.0,3.5,2,328,4.9,29.2,74,0.0
2026-07-28T22:00:00+09:00,1.0,3.0,2.0,2.5,2,321,4.76,28.4,78,0.0
2026-07-28T23:00:00+09:00,1.0,5.0,4.0,4.5,2,326,4.76,27.7,83,0.0
2026-07-29T00:00:00+09:00,1.0,4.0,6.0,5.0,2,324,4.69,27.5,83,0.0
2026-07-29T01:00:00+09:00,1.0,3.0,5.0,4.0,2,326,4.6,27.4,83,0.0
2026-07-29T02:00:00+09:00,1.0,2.0,4.0,3.0,2,327,4.59,27.2,84,0.0
2026-07-29T03:00:00+09:00,1.0,4.0,4.0,4.0,2,325,4.77,27.0,84,0.0
2026-07-29T04:00:00+09:00,1.0,5.0,2.0,3.5,2,320,4.65,26.6,86,0.0
2026-07-29T05:00:00+09:00,1.0,4.0,1.0,2.5,2,309,4.19,26.4,87,0.0
2026-07-29T06:00:00+09:00,,3.0,1.0,2.0,2,316,4.63,26.3,89,0.0
2026-07-29T07:00:00+09:00,,4.0,1.0,2.5,2,316,4.38,27.0,86,0.0
2026-07-29T08:00:00+09:00,,4.0,1.0,2.5,2,320,4.72,28.4,78,0.0
2026-07-29T09:00:00+09:00,,5.0,1.0,3.0,2,320,4.76,30.1,68,0.0
2026-07-29T10:00:00+09:00,,4.0,1.0,2.5,2,317,4.17,31.4,62,0.0
2026-07-29T11:00:00+09:00,,6.0,7.0,6.5,2,315,4.14,32.6,56,0.0
2026-07-29T12:00:00+09:00,,4.0,10.0,7.0,2,312,4.14,33.8,51,0.0
2026-07-29T13:00:00+09:00,,3.0,4.0,3.5,2,309,3.84,34.7,48,0.0
2026-07-29T14:00:00+09:00,,4.0,3.0,3.5,2,307,3.75,35.5,45,0.0
2026-07-29T15:00:00+09:00,,5.0,2.0,3.5,2,316,3.54,35.5,46,0.0
2026-07-29T16:00:00+09:00,,4.0,3.0,3.5,2,308,3.56,35.0,47,0.0
2026-07-29T17:00:00+09:00,,4.0,7.0,5.5,2,307,3.36,34.5,49,0.0
2026-07-29T18:00:00+09:00,,3.0,12.0,7.5,2,314,3.47,33.7,51,0.0
2026-07-29T19:00:00+09:00,,3.0,16.0,9.5,2,319,3.79,32.0,57,0.0
2026-07-29T20:00:00+09:00,,5.0,2.0,3.5,2,320,4.33,30.3,63,0.0
2026-07-29T21:00:00+09:00,,2.0,1.0,1.5,2,323,4.14,29.4,67,0.0
2026-07-29T22:00:00+09:00,,2.0,1.0,1.5,2,317,4.35,28.3,73,0.0
2026-07-29T23:00:00+09:00,,4.0,1.0,2.5,2,318,4.43,27.4,79,0.0
2026-07-30T00:00:00+09:00,,1.0,4.0,2.5,2,316,4.42,26.7,83,0.0
2026-07-30T01:00:00+09:00,,2.0,5.0,3.5,2,321,4.73,26.1,88,0.0
2026-07-30T02:00:00+09:00,,2.0,3.0,2.5,2,325,4.91,25.8,90,0.0
2026-07-30T03:00:00+09:00,,2.0,1.0,1.5,2,324,5.05,25.6,89,0.0
2026-07-30T04:00:00+09:00,,3.0,1.0,2.0,2,320,4.94,25.3,91,0.0
2026-07-30T05:00:00+09:00,,2.0,1.0,1.5,2,316,4.74,25.2,91,0.0
2026-07-30T06:00:00+09:00,,2.0,1.0,1.5,2,312,4.43,25.1,91,0.0
2026-07-30T07:00:00+09:00,,3.0,1.0,2.0,2,308,4.38,26.1,86,0.0
2026-07-30T08:00:00+09:00,,2.0,1.0,1.5,2,313,4.95,27.9,75,0.0
2026-07-30T09:00:00+09:00,,1.0,3.0,2.0,2,316,5.13,29.7,66,0.0
2026-07-30T10:00:00+09:00,4.0,1.0,12.0,6.5,2,314,4.67,31.1,59,0.0
2026-07-30T11:00:00+09:00,4.0,3.0,16.0,9.5,2,312,4.46,32.7,53,0.0
2026-07-30T12:00:00+09:00,2.0,5.0,13.0,9.0,2,309,4.3,34.0,49,0.0
2026-07-30T13:00:00+09:00,1.0,5.0,9.0,7.0,2,302,4.11,34.8,47,0.0
2026-07-30T14:00:00+09:00,1.0,5.0,4.0,4.5,2,296,4.11,35.2,45,0.0
2026-07-30T15:00:00+09:00,1.0,5.0,1.0,3.0,2,302,4.0,35.4,45,0.0
2026-07-30T16:00:00+09:00,2.0,3.0,1.0,2.0,2,303,4.05,35.0,46,0.0
2026-07-30T17:00:00+09:00,,6.0,1.0,3.5,2,309,4.05,34.6,47,0.0
2026-07-30T18:00:00+09:00,5.0,5.0,1.0,3.0,2,320,4.05,33.6,50,0.0
2026-07-30T19:00:00+09:00,3.0,4.0,1.0,2.5,2,330,3.65,31.8,56,0.0
2026-07-30T20:00:00+09:00,7.0,4.0,2.0,3.0,2,331,3.49,29.9,63,0.0
2026-07-30T21:00:00+09:00,5.0,4.0,1.0,2.5,2,328,3.48,28.7,67,0.0
2026-07-30T22:00:00+09:00,3.0,3.0,1.0,2.0,2,319,3.4,27.5,73,0.0
2026-07-30T23:00:00+09:00,2.0,4.0,1.0,2.5,2,314,3.36,26.7,77,0.0
2026-07-31T00:00:00+09:00,4.0,5.0,1.0,3.0,2,316,3.43,26.2,79,0.0
2026-07-31T01:00:00+09:00,6.0,4.0,1.0,2.5,2,320,3.55,25.9,80,0.0
2026-07-31T02:00:00+09:00,4.0,4.0,6.0,5.0,2,322,3.42,25.6,81,0.0
2026-07-31T03:00:00+09:00,5.0,3.0,10.0,6.5,2,320,2.98,25.2,84,0.0
2026-07-31T04:00:00+09:00,8.0,2.0,9.0,5.5,2,315,2.76,24.7,86,0.0
2026-07-31T05:00:00+09:00,8.0,1.0,10.0,5.5,2,316,3.01,24.5,86,0.0
2026-07-31T06:00:00+09:00,8.0,1.0,11.0,6.0,2,316,3.5,24.6,85,0.0
2026-07-31T07:00:00+09:00,8.0,2.0,7.0,4.5,2,318,3.97,25.9,80,0.0
2026-07-31T08:00:00+09:00,6.0,2.0,8.0,5.0,2,323,4.36,27.4,74,0.0
2026-07-31T09:00:00+09:00,8.0,1.0,11.0,6.0,2,319,4.08,30.2,63,0.0
2026-07-31T10:00:00+09:00,8.0,5.0,19.0,12.0,2,324,4.15,31.9,57,0.0
2026-07-31T11:00:00+09:00,5.0,10.0,20.0,15.0,2,322,3.85,33.5,52,0.0
2026-07-31T12:00:00+09:00,2.0,11.0,9.0,10.0,2,319,3.69,35.0,48,0.0
2026-07-31T13:00:00+09:00,4.0,10.0,1.0,5.5,2,315,3.25,36.1,46,0.0
2026-07-31T14:00:00+09:00,5.0,8.0,4.0,6.0,2,311,2.91,37.0,43,0.0
2026-07-31T15:00:00+09:00,5.0,7.0,11.0,9.0,2,317,2.58,37.1,42,0.0
2026-07-31T16:00:00+09:00,3.0,8.0,13.0,10.5,2,328,3.08,36.7,43,0.0
2026-07-31T17:00:00+09:00,2.0,5.0,15.0,10.0,2,329,3.39,36.3,43,0.0
2026-07-31T18:00:00+09:00,3.0,1.0,4.0,2.5,2,323,3.32,35.4,46,0.0
2026-07-31T19:00:00+09:00,6.0,1.0,1.0,1.0,2,317,2.72,33.7,53,0.0
2026-07-31T20:00:00+09:00,6.0,2.0,1.0,1.5,2,325,3.37,32.2,58,0.0
2026-07-31T21:00:00+09:00,8.0,1.0,1.0,1.0,2,339,3.59,30.9,65,0.0
2026-07-31T22:00:00+09:00,11.0,3.0,2.0,2.5,2,328,3.19,29.7,71,0.0
2026-07-31T23:00:00+09:00,10.0,4.0,2.0,3.0,2,320,3.12,29.0,75,0.0
2026-08-01T00:00:00+09:00,15.0,3.0,2.0,2.5,2,317,3.01,28.4,79,0.0
2026-08-01T01:00:00+09:00,7.0,6.0,8.0,7.0,2,317,2.87,28.0,82,0.0
2026-08-01T02:00:00+09:00,10.0,6.0,18.0,12.0,2,316,2.97,27.7,84,0.0
2026-08-01T03:00:00+09:00,15.0,8.0,22.0,15.0,2,315,2.9,27.6,82,0.0
2026-08-01T04:00:00+09:00,25.0,7.0,17.0,12.0,2,318,2.41,27.0,83,0.0
2026-08-01T05:00:00+09:00,17.0,10.0,14.0,12.0,2,315,2.19,26.6,85,0.0
2026-08-01T06:00:00+09:00,12.0,10.0,9.0,9.5,2,308,2.1,26.4,86,0.0
2026-08-01T07:00:00+09:00,12.0,7.0,11.0,9.0,2,303,1.91,27.9,81,0.0
2026-08-01T08:00:00+09:00,13.0,9.0,12.0,10.5,2,310,2.34,29.9,72,0.0
2026-08-01T09:00:00+09:00,18.0,9.0,18.0,13.5,2,297,2.12,32.0,65,0.0
2026-08-01T10:00:00+09:00,19.0,14.0,21.0,17.5,2,301,2.62,33.5,58,0.0
2026-08-01T11:00:00+09:00,16.0,17.0,17.0,17.0,2,304,3.09,35.0,52,0.0
2026-08-01T12:00:00+09:00,11.0,9.0,15.0,12.0,2,305,3.19,36.1,47,0.0
2026-08-01T13:00:00+09:00,15.0,6.0,18.0,12.0,2,302,3.34,37.0,44,0.0
2026-08-01T14:00:00+09:00,18.0,6.0,19.0,12.5,2,306,3.79,37.3,42,0.0
2026-08-01T15:00:00+09:00,17.0,10.0,10.0,10.0,2,312,3.19,37.3,43,0.0
2026-08-01T16:00:00+09:00,17.0,9.0,6.0,7.5,2,316,3.43,36.9,43,0.0
2026-08-01T17:00:00+09:00,12.0,9.0,15.0,12.0,2,324,3.65,36.3,44,0.0
2026-08-01T18:00:00+09:00,14.0,9.0,18.0,13.5,2,324,3.47,35.4,46,0.0
2026-08-01T19:00:00+09:00,15.0,12.0,9.0,10.5,2,315,2.9,33.9,52,0.0
2026-08-01T20:00:00+09:00,16.0,11.0,12.0,11.5,2,313,3.29,32.4,58,0.0
2026-08-01T21:00:00+09:00,17.0,10.0,12.0,11.0,2,328,3.77,31.2,62,0.0
2026-08-01T22:00:00+09:00,16.0,10.0,8.0,9.0,2,331,3.56,29.9,69,0.0
2026-08-01T23:00:00+09:00,18.0,11.0,5.0,8.0,2,331,3.56,29.1,74,0.0
2026-08-02T00:00:00+09:00,19.0,10.0,11.0,10.5,2,322,3.7,28.6,78,0.0
2026-08-02T01:00:00+09:00,19.0,8.0,20.0,14.0,2,323,4.03,28.2,80,0.0
2026-08-02T02:00:00+09:00,15.0,9.0,23.0,16.0,2,324,4.15,27.9,81,0.0
2026-08-02T03:00:00+09:00,21.0,10.0,21.0,15.5,2,323,4.11,27.7,79,0.0
2026-08-02T04:00:00+09:00,19.0,7.0,15.0,11.0,2,324,3.65,27.4,80,0.0
2026-08-02T05:00:00+09:00,20.0,7.0,12.0,9.5,2,321,3.55,27.2,79,0.0
2026-08-02T06:00:00+09:00,21.0,8.0,6.0,7.0,2,320,3.48,27.2,78,0.0
2026-08-02T07:00:00+09:00,19.0,10.0,6.0,8.0,2,317,3.01,28.5,72,0.0
2026-08-02T08:00:00+09:00,23.0,9.0,11.0,10.0,2,323,3.75,30.5,63,0.0
2026-08-02T09:00:00+09:00,21.0,6.0,20.0,13.0,2,336,4.25,32.9,53,0.0
2026-08-02T10:00:00+09:00,21.0,7.0,25.0,16.0,2,344,4.07,34.1,49,0.0
2026-08-02T11:00:00+09:00,23.0,19.0,27.0,23.0,2,343,3.81,35.4,44,0.0
2026-08-02T12:00:00+09:00,21.0,35.0,20.0,27.5,2,339,3.48,36.6,40,0.0
2026-08-02T13:00:00+09:00,17.0,18.0,16.0,17.0,2,328,3.41,37.5,37,0.0
2026-08-02T14:00:00+09:00,15.0,16.0,20.0,18.0,2,315,3.46,38.3,35,0.0
2026-08-02T15:00:00+09:00,18.0,16.0,22.0,19.0,2,208,1.92,37.8,38,0.0
2026-08-02T16:00:00+09:00,17.0,27.0,17.0,22.0,2,198,2.94,36.9,42,0.0
2026-08-02T17:00:00+09:00,17.0,28.0,9.0,18.5,2,206,3.11,36.2,45,0.0
2026-08-02T18:00:00+09:00,18.0,24.0,9.0,16.5,2,217,3.39,35.2,48,0.0
2026-08-02T19:00:00+09:00,17.0,12.0,6.0,9.0,2,233,2.82,33.3,58,0.0
2026-08-02T20:00:00+09:00,16.0,9.0,12.0,10.5,2,288,1.15,32.0,65,0.0
2026-08-02T21:00:00+09:00,17.0,12.0,14.0,13.0,2,333,3.98,32.0,62,0.0
2026-08-02T22:00:00+09:00,17.0,11.0,6.0,8.5,2,336,4.43,30.6,70,0.0
2026-08-02T23:00:00+09:00,13.0,12.0,9.0,10.5,2,342,4.16,29.7,75,0.0
2026-08-03T00:00:00+09:00,13.0,10.0,17.0,13.5,2,338,3.55,29.0,79,0.0
2026-08-03T01:00:00+09:00,14.0,11.0,17.0,14.0,2,335,2.86,28.5,81,0.0
2026-08-03T02:00:00+09:00,12.0,15.0,10.0,12.5,2,332,2.59,28.0,84,0.0
2026-08-03T03:00:00+09:00,14.0,16.0,8.0,12.0,2,333,2.35,27.6,86,0.0
2026-08-03T04:00:00+09:00,9.0,10.0,13.0,11.5,2,337,2.02,27.1,89,0.0
2026-08-03T05:00:00+09:00,14.0,9.0,14.0,11.5,2,341,1.85,26.8,90,0.0
2026-08-03T06:00:00+09:00,12.0,11.0,14.0,12.5,2,344,1.87,26.6,91,0.0
2026-08-03T07:00:00+09:00,10.0,9.0,10.0,9.5,2,352,1.46,28.6,81,0.0
2026-08-03T08:00:00+09:00,13.0,11.0,13.0,12.0,2,59,0.87,31.2,67,0.0
2026-08-03T09:00:00+09:00,16.0,12.0,21.0,16.5,2,105,1.55,33.0,56,0.0
2026-08-03T10:00:00+09:00,17.0,12.0,24.0,18.0,2,128,1.39,34.3,52,0.0
2026-08-03T11:00:00+09:00,16.0,10.0,22.0,16.0,2,165,1.55,35.6,48,0.0
2026-08-03T12:00:00+09:00,21.0,12.0,13.0,12.5,2,183,2.7,36.2,47,0.0
2026-08-03T13:00:00+09:00,24.0,15.0,13.0,14.0,2,182,4.25,36.2,48,0.0
2026-08-03T14:00:00+09:00,29.0,26.0,16.0,21.0,2,171,4.7,35.8,48,0.0
2026-08-03T15:00:00+09:00,34.0,28.0,17.0,22.5,2,173,4.43,35.2,49,0.0
2026-08-03T16:00:00+09:00,27.0,36.0,19.0,27.5,2,166,4.23,34.4,50,0.0
2026-08-03T17:00:00+09:00,25.0,25.0,16.0,20.5,2,163,4.02,33.4,52,0.0
2026-08-03T18:00:00+09:00,23.0,25.0,13.0,19.0,2,159,3.21,32.8,56,0.0
2026-08-03T19:00:00+09:00,24.0,15.0,14.0,14.5,2,149,3.32,31.2,63,0.0
2026-08-03T20:00:00+09:00,25.0,16.0,16.0,16.0,2,141,2.2,29.6,70,0.0
2026-08-03T21:00:00+09:00,18.0,18.0,7.0,12.5,2,202,0.92,28.9,79,0.0
2026-08-03T22:00:00+09:00,12.0,13.0,5.0,9.0,2,288,0.47,28.4,83,0.0
2026-08-03T23:00:00+09:00,14.0,8.0,10.0,9.0,2,292,0.81,28.2,83,0.0
2026-08-04T00:00:00+09:00,12.0,8.0,11.0,9.5,2,309,0.64,27.9,84,0.0
2026-08-04T01:00:00+09:00,17.0,10.0,12.0,11.0,2,318,0.6,27.5,84,0.0
2026-08-04T02:00:00+09:00,15.0,13.0,22.0,17.5,2,315,0.21,27.2,87,0.0
2026-08-04T03:00:00+09:00,17.0,14.0,24.0,19.0,2,307,0.25,26.8,89,0.0
2026-08-04T04:00:00+09:00,15.0,15.0,17.0,16.0,2,304,0.36,26.4,90,0.0
2026-08-04T05:00:00+09:00,18.0,14.0,12.0,13.0,2,315,0.35,26.3,89,0.0
2026-08-04T06:00:00+09:00,14.0,17.0,10.0,13.5,2,343,0.52,26.3,89,0.0
2026-08-04T07:00:00+09:00,19.0,16.0,8.0,12.0,2,360,0.7,28.2,80,0.0
2026-08-04T08:00:00+09:00,20.0,17.0,13.0,15.0,2,31,0.58,30.0,72,0.0
2026-08-04T09:00:00+09:00,17.0,17.0,21.0,19.0,2,93,0.95,31.8,66,0.0
2026-08-04T10:00:00+09:00,18.0,20.0,22.0,21.0,2,78,1.48,33.5,59,0.0
2026-08-04T11:00:00+09:00,18.0,11.0,25.0,18.0,2,77,1.59,35.0,53,0.1
2026-08-04T12:00:00+09:00,15.0,,,,0,90,1.65,35.9,49,0.1
2026-08-04T13:00:00+09:00,19.0,,,,0,135,1.7,36.3,47,0.2
2026-08-04T14:00:00+09:00,22.0,16.0,25.0,20.5,2,165,3.99,34.3,58,0.6
2026-08-04T15:00:00+09:00,25.0,12.0,21.0,16.5,2,167,5.23,32.9,65,0.5
2026-08-04T16:00:00+09:00,29.0,23.0,18.0,20.5,2,165,4.31,31.5,69,0.3
2026-08-04T17:00:00+09:00,28.0,25.0,20.0,22.5,2,158,3.99,31.4,69,0.0
2026-08-04T18:00:00+09:00,23.0,20.0,14.0,17.0,2,171,3.54,30.7,72,0.0
2026-08-04T19:00:00+09:00,21.0,19.0,9.0,14.0,2,191,2.29,29.9,76,0.0
2026-08-04T20:00:00+09:00,16.0,16.0,12.0,14.0,2,190,1.98,29.1,81,0.0
2026-08-04T21:00:00+09:00,11.0,13.0,11.0,12.0,2,232,0.57,29.2,79,0.5
2026-08-04T22:00:00+09:00,10.0,14.0,8.0,11.0,2,211,0.29,28.5,85,0.2
2026-08-04T23:00:00+09:00,16.0,12.0,4.0,8.0,2,173,0.86,27.7,88,0.4
2026-08-05T00:00:00+09:00,13.0,12.0,5.0,8.5,2,144,0.86,26.5,95,2.6
2026-08-05T01:00:00+09:00,17.0,11.0,11.0,11.0,2,252,1.31,25.5,93,6.4
2026-08-05T02:00:00+09:00,13.0,10.0,20.0,15.0,2,301,1.05,25.6,95,2.3
2026-08-05T03:00:00+09:00,11.0,11.0,21.0,16.0,2,332,1.81,26.0,97,0.8
2026-08-05T04:00:00+09:00,14.0,12.0,16.0,14.0,2,337,1.3,26.0,97,0.0
2026-08-05T05:00:00+09:00,14.0,14.0,12.0,13.0,2,349,0.76,25.8,97,0.0
2026-08-05T06:00:00+09:00,13.0,12.0,11.0,11.5,2,344,1.25,25.8,96,0.0
2026-08-05T07:00:00+09:00,10.0,13.0,12.0,12.5,2,360,1.3,26.9,94,0.0
2026-08-05T08:00:00+09:00,16.0,12.0,16.0,14.0,2,51,0.96,28.4,85,0.0
2026-08-05T09:00:00+09:00,18.0,13.0,19.0,16.0,2,95,2.66,30.1,79,0.1
2026-08-05T10:00:00+09:00,15.0,9.0,22.0,15.5,2,103,2.83,31.2,71,0.2
2026-08-05T11:00:00+09:00,15.0,11.0,24.0,17.5,2,105,2.49,32.5,64,0.2
2026-08-05T12:00:00+09:00,15.0,10.0,22.0,16.0,2,127,2.32,33.5,60,0.3
2026-08-05T13:00:00+09:00,12.0,9.0,14.0,11.5,2,165,3.42,32.6,63,0.3
2026-08-05T14:00:00+09:00,22.0,20.0,9.0,14.5,2,177,4.26,31.4,71,1.4
2026-08-05T15:00:00+09:00,19.0,19.0,13.0,16.0,2,184,3.46,31.7,70,0.5
2026-08-05T16:00:00+09:00,24.0,14.0,11.0,12.5,2,192,3.37,31.4,70,0.2
2026-08-05T17:00:00+09:00,16.0,12.0,16.0,14.0,2,189,3.09,31.2,69,0.1
2026-08-05T18:00:00+09:00,16.0,10.0,8.0,9.0,2,175,3.51,30.0,72,0.0
2026-08-05T19:00:00+09:00,16.0,13.0,9.0,11.0,2,166,2.93,28.5,78,0.0
2026-08-05T20:00:00+09:00,11.0,11.0,6.0,8.5,2,183,1.75,27.8,83,0.0
2026-08-05T21:00:00+09:00,16.0,8.0,3.0,5.5,2,168,1.69,28.0,86,0.0
2026-08-05T22:00:00+09:00,8.0,5.0,1.0,3.0,2,164,0.93,27.5,89,0.0
2026-08-05T23:00:00+09:00,11.0,4.0,1.0,2.5,2,270,0.15,27.3,91,0.0
2026-08-06T00:00:00+09:00,10.0,3.0,1.0,2.0,2,352,0.35,26.9,93,0.0
2026-08-06T01:00:00+09:00,8.0,4.0,1.0,2.5,2,11,0.76,26.7,96,0.0
2026-08-06T02:00:00+09:00,7.0,4.0,2.0,3.0,2,18,0.95,26.5,96,0.0
2026-08-06T03:00:00+09:00,11.0,8.0,5.0,6.5,2,21,1.28,26.3,96,0.0
2026-08-06T04:00:00+09:00,10.0,5.0,4.0,4.5,2,8,1.41,26.0,97,0.0
2026-08-06T05:00:00+09:00,8.0,6.0,2.0,4.0,2,360,1.65,25.9,97,0.0
2026-08-06T06:00:00+09:00,11.0,7.0,1.0,4.0,2,5,1.61,25.8,97,0.0
2026-08-06T07:00:00+09:00,14.0,12.0,1.0,6.5,2,48,1.2,27.2,90,0.0
2026-08-06T08:00:00+09:00,14.0,10.0,1.0,5.5,2,66,2.08,28.7,78,0.0
2026-08-06T09:00:00+09:00,10.0,8.0,9.0,8.5,2,62,2.66,30.6,69,0.0
2026-08-06T10:00:00+09:00,10.0,7.0,19.0,13.0,2,70,2.45,32.1,60,0.0
2026-08-06T11:00:00+09:00,13.0,10.0,21.0,15.5,2,85,2.51,33.5,53,0.0
2026-08-06T12:00:00+09:00,11.0,8.0,,8.0,1,102,2.56,34.9,47,0.0
2026-08-06T13:00:00+09:00,14.0,6.0,18.0,12.0,2,137,3.26,35.8,44,0.0
2026-08-06T14:00:00+09:00,12.0,11.0,8.0,9.5,2,172,4.34,34.2,53,0.0
2026-08-06T15:00:00+09:00,19.0,14.0,4.0,9.0,2,168,4.9,33.2,59,0.0
2026-08-06T16:00:00+09:00,12.0,15.0,6.0,10.5,2,174,4.12,32.1,64,0.1
2026-08-06T17:00:00+09:00,10.0,20.0,9.0,14.5,2,167,2.97,31.9,66,0.1
2026-08-06T18:00:00+09:00,10.0,19.0,8.0,13.5,2,164,1.77,32.0,65,0.0
2026-08-06T19:00:00+09:00,11.0,10.0,8.0,9.0,2,180,0.75,31.2,70,0.0
2026-08-06T20:00:00+09:00,10.0,9.0,4.0,6.5,2,170,0.86,29.7,77,0.0
2026-08-06T21:00:00+09:00,10.0,7.0,1.0,4.0,2,126,1.43,30.1,65,0.0
2026-08-06T22:00:00+09:00,11.0,6.0,1.0,3.5,2,128,1.46,29.3,67,0.0
2026-08-06T23:00:00+09:00,11.0,6.0,1.0,3.5,2,97,1.26,28.7,68,0.0
2026-08-07T00:00:00+09:00,13.0,6.0,1.0,3.5,2,18,1.47,28.1,70,0.0
2026-08-07T01:00:00+09:00,16.0,7.0,5.0,6.0,2,20,1.44,27.4,73,0.0
2026-08-07T02:00:00+09:00,15.0,7.0,16.0,11.5,2,14,1.44,27.0,76,0.0
2026-08-07T03:00:00+09:00,18.0,12.0,15.0,13.5,2,10,1.68,26.8,77,0.0
2026-08-07T04:00:00+09:00,18.0,8.0,17.0,12.5,2,14,2.32,26.6,77,0.0
2026-08-07T05:00:00+09:00,13.0,6.0,10.0,8.0,2,14,2.52,26.8,75,0.0
2026-08-07T06:00:00+09:00,13.0,6.0,6.0,6.0,2,13,1.8,26.2,78,0.0
2026-08-07T07:00:00+09:00,15.0,5.0,6.0,5.5,2,22,2.38,28.3,70,0.0
2026-08-07T08:00:00+09:00,10.0,5.0,9.0,7.0,2,56,2.41,30.9,60,0.0
2026-08-07T09:00:00+09:00,14.0,10.0,12.0,11.0,2,78,4.9,32.4,54,0.0
2026-08-07T10:00:00+09:00,15.0,9.0,10.0,9.5,2,75,4.88,33.4,53,0.0
2026-08-07T11:00:00+09:00,,9.0,15.0,12.0,2,72,4.79,34.7,49,0.0
2026-08-07T12:00:00+09:00,,6.0,12.0,9.0,2,74,4.84,36.1,44,0.0
2026-08-07T13:00:00+09:00,,5.0,5.0,5.0,2,90,4.8,37.2,41,0.0
2026-08-07T14:00:00+09:00,12.0,2.0,8.0,5.0,2,104,5.31,37.3,38,0.0
2026-08-07T15:00:00+09:00,11.0,6.0,10.0,8.0,2,101,4.79,37.5,37,0.0
2026-08-07T16:00:00+09:00,11.0,8.0,4.0,6.0,2,100,5.03,36.9,37,0.0
2026-08-07T17:00:00+09:00,9.0,7.0,4.0,5.5,2,104,4.89,36.1,40,0.0
2026-08-07T18:00:00+09:00,5.0,4.0,2.0,3.0,2,107,5.01,35.0,43,0.0
2026-08-07T19:00:00+09:00,4.0,2.0,1.0,1.5,2,100,4.42,33.4,47,0.0
2026-08-07T20:00:00+09:00,4.0,2.0,2.0,2.0,2,85,3.81,32.5,51,0.0
2026-08-07T21:00:00+09:00,10.0,2.0,1.0,1.5,2,77,4.11,31.9,54,0.0
2026-08-07T22:00:00+09:00,10.0,3.0,1.0,2.0,2,83,3.88,31.4,55,0.0
2026-08-07T23:00:00+09:00,9.0,2.0,7.0,4.5,2,92,3.75,31.1,57,0.0
2026-08-08T00:00:00+09:00,8.0,1.0,8.0,4.5,2,86,3.86,30.8,58,0.0
2026-08-08T01:00:00+09:00,10.0,4.0,5.0,4.5,2,80,3.9,30.1,63,0.0
2026-08-08T02:00:00+09:00,6.0,5.0,2.0,3.5,2,70,4.16,29.4,66,0.0
2026-08-08T03:00:00+09:00,9.0,4.0,2.0,3.0,2,57,3.58,29.4,64,0.0
2026-08-08T04:00:00+09:00,9.0,2.0,6.0,4.0,2,61,2.75,29.0,65,0.0
2026-08-08T05:00:00+09:00,15.0,1.0,6.0,3.5,2,61,3.16,28.9,65,0.0
2026-08-08T06:00:00+09:00,9.0,2.0,5.0,3.5,2,57,3.87,29.0,64,0.0
2026-08-08T07:00:00+09:00,6.0,7.0,3.0,5.0,2,64,4.38,29.6,64,0.0
2026-08-08T08:00:00+09:00,11.0,8.0,5.0,6.5,2,67,4.84,30.4,64,0.0
2026-08-08T09:00:00+09:00,13.0,5.0,5.0,5.0,2,80,5.59,31.8,60,0.0
2026-08-08T10:00:00+09:00,7.0,3.0,4.0,3.5,2,91,6.3,32.2,58,0.1
2026-08-08T11:00:00+09:00,5.0,4.0,10.0,7.0,2,95,6.32,32.6,56,0.2
2026-08-08T12:00:00+09:00,9.0,3.0,12.0,7.5,2,98,6.22,33.9,51,0.1
2026-08-08T13:00:00+09:00,10.0,2.0,16.0,9.0,2,98,6.16,33.9,49,0.2
2026-08-08T14:00:00+09:00,15.0,3.0,10.0,6.5,2,93,6.06,34.2,48,0.0
2026-08-08T15:00:00+09:00,12.0,3.0,6.0,4.5,2,110,6.22,34.9,46,0.0
2026-08-08T16:00:00+09:00,9.0,2.0,5.0,3.5,2,64,7.63,30.0,67,1.0
2026-08-08T17:00:00+09:00,11.0,2.0,2.0,2.0,2,51,3.59,28.6,76,0.2
2026-08-08T18:00:00+09:00,9.0,2.0,2.0,2.0,2,56,4.06,29.4,72,0.0
2026-08-08T19:00:00+09:00,8.0,4.0,2.0,3.0,2,50,4.83,28.7,78,0.0
2026-08-08T20:00:00+09:00,8.0,4.0,5.0,4.5,2,55,5.13,28.5,78,0.0
2026-08-08T21:00:00+09:00,9.0,4.0,4.0,4.0,2,68,4.75,29.2,71,0.0
2026-08-08T22:00:00+09:00,9.0,2.0,2.0,2.0,2,70,5.63,28.7,74,0.0
2026-08-08T23:00:00+09:00,7.0,1.0,1.0,1.0,2,69,6.0,27.9,81,0.0
2026-08-09T00:00:00+09:00,7.0,2.0,1.0,1.5,2,67,5.94,27.5,83,0.1
2026-08-09T01:00:00+09:00,9.0,3.0,2.0,2.5,2,64,6.17,27.2,82,0.1
2026-08-09T02:00:00+09:00,11.0,6.0,14.0,10.0,2,64,6.35,26.7,80,0.0
2026-08-09T03:00:00+09:00,17.0,5.0,9.0,7.0,2,63,4.94,27.4,74,0.0
2026-08-09T04:00:00+09:00,9.0,3.0,9.0,6.0,2,62,5.35,27.5,73,0.0
2026-08-09T05:00:00+09:00,10.0,4.0,8.0,6.0,2,62,5.66,27.3,74,0.0
2026-08-09T06:00:00+09:00,10.0,4.0,8.0,6.0,2,64,5.79,27.1,76,0.0
2026-08-09T07:00:00+09:00,12.0,5.0,4.0,4.5,2,61,5.59,27.3,75,0.0
2026-08-09T08:00:00+09:00,10.0,4.0,4.0,4.0,2,66,5.86,27.8,73,0.0
2026-08-09T09:00:00+09:00,9.0,5.0,5.0,5.0,2,67,6.54,29.5,67,0.0
2026-08-09T10:00:00+09:00,10.0,5.0,5.0,5.0,2,69,4.99,28.0,74,0.1
2026-08-09T11:00:00+09:00,9.0,6.0,4.0,5.0,2,76,4.23,28.5,76,0.3
2026-08-09T12:00:00+09:00,6.0,6.0,13.0,9.5,2,68,6.82,29.6,73,0.1
2026-08-09T13:00:00+09:00,9.0,5.0,17.0,11.0,2,73,5.91,30.1,70,0.0
2026-08-09T14:00:00+09:00,8.0,2.0,11.0,6.5,2,73,5.8,31.5,63,0.0
2026-08-09T15:00:00+09:00,12.0,3.0,6.0,4.5,2,70,5.47,31.6,60,0.0
2026-08-09T16:00:00+09:00,10.0,6.0,4.0,5.0,2,69,6.74,31.5,60,0.0
2026-08-09T17:00:00+09:00,11.0,5.0,7.0,6.0,2,71,5.99,31.7,59,0.0
2026-08-09T18:00:00+09:00,8.0,4.0,11.0,7.5,2,88,5.15,30.7,61,0.1
2026-08-09T19:00:00+09:00,12.0,5.0,9.0,7.0,2,88,4.1,30.3,65,0.0
2026-08-09T20:00:00+09:00,8.0,6.0,6.0,6.0,2,83,3.48,29.7,67,0.0
2026-08-09T21:00:00+09:00,10.0,4.0,4.0,4.0,2,79,3.62,29.1,73,0.0
2026-08-09T22:00:00+09:00,6.0,5.0,2.0,3.5,2,71,4.55,28.5,75,0.1
2026-08-09T23:00:00+09:00,6.0,4.0,1.0,2.5,2,69,5.19,27.7,77,0.0
2026-08-10T00:00:00+09:00,8.0,2.0,2.0,2.0,2,67,4.68,26.8,81,0.0
2026-08-10T01:00:00+09:00,7.0,1.0,5.0,3.0,2,62,5.7,26.5,83,0.0
2026-08-10T02:00:00+09:00,9.0,2.0,16.0,9.0,2,64,6.19,26.3,85,0.0
2026-08-10T03:00:00+09:00,11.0,3.0,15.0,9.0,2,81,4.3,27.0,85,0.0
2026-08-10T04:00:00+09:00,12.0,2.0,10.0,6.0,2,70,3.87,26.0,86,0.0
2026-08-10T05:00:00+09:00,8.0,2.0,6.0,4.0,2,73,4.87,25.4,87,0.1
2026-08-10T06:00:00+09:00,11.0,3.0,4.0,3.5,2,71,4.71,25.3,89,0.2
2026-08-10T07:00:00+09:00,10.0,5.0,4.0,4.5,2,72,4.32,25.7,88,0.1
2026-08-10T08:00:00+09:00,10.0,3.0,3.0,3.0,2,70,5.28,25.8,83,0.0
2026-08-10T09:00:00+09:00,10.0,1.0,5.0,3.0,2,71,5.76,27.7,71,0.1
2026-08-10T10:00:00+09:00,6.0,3.0,5.0,4.0,2,73,6.17,28.9,63,0.0
2026-08-10T11:00:00+09:00,9.0,4.0,7.0,5.5,2,80,6.95,30.9,55,0.0
2026-08-10T12:00:00+09:00,7.0,5.0,10.0,7.5,2,80,6.9,31.8,52,0.0
2026-08-10T13:00:00+09:00,11.0,9.0,10.0,9.5,2,79,6.26,32.1,51,0.0
2026-08-10T14:00:00+09:00,9.0,9.0,5.0,7.0,2,85,5.52,32.5,49,0.0
2026-08-10T15:00:00+09:00,11.0,7.0,8.0,7.5,2,92,5.15,32.7,48,0.0
2026-08-10T16:00:00+09:00,10.0,6.0,9.0,7.5,2,93,5.06,32.6,47,0.0
2026-08-10T17:00:00+09:00,11.0,8.0,9.0,8.5,2,91,4.95,32.4,47,0.0
2026-08-10T18:00:00+09:00,14.0,10.0,8.0,9.0,2,95,4.97,31.8,46,0.0
2026-08-10T19:00:00+09:00,16.0,7.0,4.0,5.5,2,103,4.35,30.5,49,0.0
2026-08-10T20:00:00+09:00,14.0,9.0,2.0,5.5,2,99,3.95,29.0,57,0.0
2026-08-10T21:00:00+09:00,10.0,8.0,2.0,5.0,2,74,5.4,28.6,58,0.0
2026-08-10T22:00:00+09:00,15.0,6.0,3.0,4.5,2,68,5.56,27.3,65,0.0
2026-08-10T23:00:00+09:00,13.0,7.0,2.0,4.5,2,64,5.55,26.2,67,0.0
2026-08-11T00:00:00+09:00,10.0,5.0,1.0,3.0,2,61,4.86,25.3,68,0.0
2026-08-11T01:00:00+09:00,12.0,2.0,1.0,1.5,2,61,4.23,24.9,69,0.0
2026-08-11T02:00:00+09:00,9.0,7.0,1.0,4.0,2,67,3.79,24.7,69,0.0
2026-08-11T03:00:00+09:00,10.0,5.0,1.0,3.0,2,71,3.61,24.4,70,0.0
2026-08-11T04:00:00+09:00,11.0,3.0,1.0,2.0,2,71,3.86,24.3,68,0.0
2026-08-11T05:00:00+09:00,11.0,5.0,1.0,3.0,2,69,4.54,24.0,70,0.0
2026-08-11T06:00:00+09:00,17.0,3.0,1.0,2.0,2,65,4.74,23.6,74,0.0
2026-08-11T07:00:00+09:00,11.0,3.0,1.0,2.0,2,67,4.41,24.1,71,0.0
2026-08-11T08:00:00+09:00,8.0,6.0,,6.0,1,67,5.44,25.3,63,0.0
2026-08-11T09:00:00+09:00,9.0,7.0,,7.0,1,66,4.99,26.2,54,0.0
2026-08-11T10:00:00+09:00,13.0,5.0,,5.0,1,72,5.38,27.3,51,0.0
2026-08-11T11:00:00+09:00,12.0,3.0,3.0,3.0,2,76,5.41,28.7,48,0.0
2026-08-11T12:00:00+09:00,8.0,2.0,8.0,5.0,2,77,4.92,29.7,44,0.0
2026-08-11T13:00:00+09:00,6.0,5.0,11.0,8.0,2,77,4.31,30.9,41,0.0
2026-08-11T14:00:00+09:00,13.0,6.0,9.0,7.5,2,82,3.68,31.8,40,0.0
2026-08-11T15:00:00+09:00,12.0,5.0,6.0,5.5,2,82,3.49,31.5,40,0.0
2026-08-11T16:00:00+09:00,11.0,6.0,8.0,7.0,2,74,3.17,31.4,40,0.0
2026-08-11T17:00:00+09:00,10.0,7.0,8.0,7.5,2,67,3.09,31.1,40,0.0
2026-08-11T18:00:00+09:00,8.0,7.0,10.0,8.5,2,64,2.62,30.3,40,0.0
2026-08-11T19:00:00+09:00,11.0,5.0,6.0,5.5,2,56,1.15,29.0,44,0.0
2026-08-11T20:00:00+09:00,12.0,4.0,3.0,3.5,2,97,0.81,27.3,51,0.0
2026-08-11T21:00:00+09:00,19.0,9.0,2.0,5.5,2,58,3.77,27.1,53,0.0
2026-08-11T22:00:00+09:00,13.0,7.0,1.0,4.0,2,70,5.28,26.1,55,0.0
2026-08-11T23:00:00+09:00,11.0,5.0,1.0,3.0,2,58,4.67,24.6,59,0.0
2026-08-12T00:00:00+09:00,15.0,4.0,7.0,5.5,2,59,3.9,23.6,63,0.0
2026-08-12T01:00:00+09:00,14.0,5.0,4.0,4.5,2,58,2.94,23.0,65,0.0
2026-08-12T02:00:00+09:00,9.0,4.0,6.0,5.0,2,55,2.62,22.5,68,0.0
2026-08-12T03:00:00+09:00,6.0,3.0,2.0,2.5,2,36,2.29,21.8,68,0.0
2026-08-12T04:00:00+09:00,10.0,4.0,1.0,2.5,2,42,2.34,21.4,70,0.0
2026-08-12T05:00:00+09:00,8.0,3.0,1.0,2.0,2,45,3.04,21.6,70,0.0
2026-08-12T06:00:00+09:00,11.0,6.0,1.0,3.5,2,43,2.94,21.5,70,0.0
2026-08-12T07:00:00+09:00,11.0,5.0,1.0,3.0,2,45,2.83,22.8,66,0.0
2026-08-12T08:00:00+09:00,8.0,2.0,1.0,1.5,2,47,4.17,24.7,57,0.0
2026-08-12T09:00:00+09:00,14.0,5.0,1.0,3.0,2,58,4.67,26.8,52,0.0
2026-08-12T10:00:00+09:00,14.0,5.0,1.0,3.0,2,62,4.43,28.0,49,0.0
2026-08-12T11:00:00+09:00,10.0,4.0,4.0,4.0,2,71,4.22,29.4,46,0.0
2026-08-12T12:00:00+09:00,9.0,5.0,9.0,7.0,2,77,4.32,31.1,39,0.0
2026-08-12T13:00:00+09:00,10.0,5.0,13.0,9.0,2,68,4.31,31.8,37,0.0
2026-08-12T14:00:00+09:00,9.0,6.0,10.0,8.0,2,59,3.97,32.8,35,0.0
2026-08-12T15:00:00+09:00,9.0,7.0,9.0,8.0,2,78,3.17,32.0,40,0.0
2026-08-12T16:00:00+09:00,8.0,6.0,8.0,7.0,2,124,2.52,30.9,44,0.0
2026-08-12T17:00:00+09:00,10.0,5.0,7.0,6.0,2,111,2.14,30.3,47,0.0
2026-08-12T18:00:00+09:00,8.0,4.0,7.0,5.5,2,72,3.05,29.6,50,0.0
2026-08-12T19:00:00+09:00,8.0,4.0,7.0,5.5,2,65,3.09,28.8,53,0.0
2026-08-12T20:00:00+09:00,8.0,5.0,7.0,6.0,2,58,1.89,28.2,56,0.0
2026-08-12T21:00:00+09:00,17.0,6.0,7.0,6.5,2,53,1.5,27.7,58,0.0
2026-08-12T22:00:00+09:00,16.0,7.0,7.0,7.0,2,50,0.39,27.2,64,0.0
2026-08-12T23:00:00+09:00,15.0,4.0,10.0,7.0,2,360,0.1,26.4,66,0.0
2026-08-13T00:00:00+09:00,9.0,3.0,6.0,4.5,2,326,0.36,25.3,71,0.0
2026-08-13T01:00:00+09:00,10.0,3.0,2.0,2.5,2,336,0.49,24.6,76,0.0
2026-08-13T02:00:00+09:00,11.0,4.0,1.0,2.5,2,343,0.52,23.8,81,0.0
2026-08-13T03:00:00+09:00,14.0,4.0,1.0,2.5,2,346,1.24,23.3,84,0.0
2026-08-13T04:00:00+09:00,15.0,2.0,3.0,2.5,2,345,1.35,22.6,87,0.0
2026-08-13T05:00:00+09:00,5.0,5.0,8.0,6.5,2,338,1.35,22.3,87,0.0
2026-08-13T06:00:00+09:00,15.0,5.0,10.0,7.5,2,338,1.19,22.1,87,0.0
2026-08-13T07:00:00+09:00,18.0,3.0,9.0,6.0,2,346,1.6,24.4,75,0.0
2026-08-13T08:00:00+09:00,17.0,3.0,9.0,6.0,2,351,0.61,27.0,61,0.0
2026-08-13T09:00:00+09:00,15.0,6.0,9.0,7.5,2,63,1.12,28.8,53,0.0
2026-08-13T10:00:00+09:00,7.0,6.0,13.0,9.5,2,107,0.52,30.1,48,0.0
2026-08-13T11:00:00+09:00,7.0,4.0,17.0,10.5,2,209,0.51,30.7,45,0.0
2026-08-13T12:00:00+09:00,8.0,9.0,12.0,10.5,2,262,1.11,31.0,45,0.0
2026-08-13T13:00:00+09:00,11.0,5.0,8.0,6.5,2,277,1.26,31.9,43,0.0
2026-08-13T14:00:00+09:00,14.0,6.0,5.0,5.5,2,281,1.32,32.6,41,0.0
2026-08-13T15:00:00+09:00,16.0,12.0,4.0,8.0,2,175,3.26,31.6,44,0.0
2026-08-13T16:00:00+09:00,17.0,10.0,4.0,7.0,2,188,5.35,29.5,55,0.0
2026-08-13T17:00:00+09:00,14.0,10.0,6.0,8.0,2,180,3.1,29.7,53,0.0
2026-08-13T18:00:00+09:00,12.0,12.0,6.0,9.0,2,172,3.59,29.6,53,0.0
2026-08-13T19:00:00+09:00,14.0,9.0,3.0,6.0,2,189,3.19,28.5,58,0.0
2026-08-13T20:00:00+09:00,11.0,8.0,1.0,4.5,2,193,2.21,27.3,65,0.0
2026-08-13T21:00:00+09:00,12.0,7.0,1.0,4.0,2,173,1.16,26.9,66,0.0
2026-08-13T22:00:00+09:00,11.0,7.0,1.0,4.0,2,189,1.22,26.0,70,0.0
2026-08-13T23:00:00+09:00,8.0,10.0,3.0,6.5,2,215,1.04,25.5,74,0.0
2026-08-14T00:00:00+09:00,8.0,7.0,4.0,5.5,2,288,0.32,25.2,77,0.0
2026-08-14T01:00:00+09:00,12.0,5.0,8.0,6.5,2,297,0.11,24.9,79,0.0
2026-08-14T02:00:00+09:00,14.0,7.0,5.0,6.0,2,135,0.35,24.5,81,0.0
2026-08-14T03:00:00+09:00,14.0,7.0,8.0,7.5,2,45,0.14,24.4,81,0.0
2026-08-14T04:00:00+09:00,14.0,7.0,8.0,7.5,2,7,0.4,23.6,85,0.0
2026-08-14T05:00:00+09:00,13.0,7.0,7.0,7.0,2,9,0.91,23.2,87,0.0
2026-08-14T06:00:00+09:00,13.0,6.0,5.0,5.5,2,14,0.62,23.0,88,0.0
2026-08-14T07:00:00+09:00,19.0,5.0,4.0,4.5,2,27,0.78,25.0,78,0.0
2026-08-14T08:00:00+09:00,16.0,6.0,4.0,5.0,2,135,0.42,26.6,71,0.0
2026-08-14T09:00:00+09:00,11.0,7.0,12.0,9.5,2,167,1.13,28.4,65,0.0
2026-08-14T10:00:00+09:00,22.0,5.0,14.0,9.5,2,162,1.58,29.4,59,0.1
2026-08-14T11:00:00+09:00,21.0,7.0,14.0,10.5,2,160,2.5,30.2,56,0.1
2026-08-14T12:00:00+09:00,21.0,6.0,15.0,10.5,2,164,2.8,31.0,54,0.1
2026-08-14T13:00:00+09:00,20.0,8.0,16.0,12.0,2,166,3.4,31.2,52,0.1
2026-08-14T14:00:00+09:00,12.0,10.0,15.0,12.5,2,165,3.77,30.6,55,0.2
2026-08-14T15:00:00+09:00,14.0,8.0,15.0,11.5,2,165,3.83,31.3,51,0.0
2026-08-14T16:00:00+09:00,16.0,12.0,11.0,11.5,2,162,4.25,30.2,55,0.0
2026-08-14T17:00:00+09:00,8.0,11.0,7.0,9.0,2,150,3.45,28.9,57,0.0
2026-08-14T18:00:00+09:00,11.0,10.0,8.0,9.0,2,153,3.24,28.7,57,0.0
2026-08-14T19:00:00+09:00,13.0,9.0,6.0,7.5,2,158,2.27,28.0,58,0.0
2026-08-14T20:00:00+09:00,14.0,8.0,5.0,6.5,2,135,1.63,27.2,63,0.0
2026-08-14T21:00:00+09:00,15.0,11.0,2.0,6.5,2,127,1.32,26.3,74,0.0
2026-08-14T22:00:00+09:00,18.0,12.0,1.0,6.5,2,139,1.91,25.7,77,0.0
2026-08-14T23:00:00+09:00,15.0,11.0,1.0,6.0,2,147,1.48,25.5,80,0.0
2026-08-15T00:00:00+09:00,13.0,9.0,1.0,5.0,2,157,1.25,25.0,84,0.0
2026-08-15T01:00:00+09:00,15.0,8.0,6.0,7.0,2,145,0.61,24.9,86,0.0
2026-08-15T02:00:00+09:00,20.0,10.0,24.0,17.0,2,72,0.16,24.6,88,0.0
2026-08-15T03:00:00+09:00,17.0,9.0,23.0,16.0,2,45,0.78,24.2,89,0.0
2026-08-15T04:00:00+09:00,16.0,7.0,13.0,10.0,2,134,2.3,23.5,92,0.5
2026-08-15T05:00:00+09:00,15.0,9.0,8.0,8.5,2,93,1.05,23.6,92,0.1
2026-08-15T06:00:00+09:00,13.0,10.0,9.0,9.5,2,56,0.54,23.3,95,0.0
2026-08-15T07:00:00+09:00,15.0,11.0,7.0,9.0,2,43,1.31,24.2,90,0.0
2026-08-15T08:00:00+09:00,17.0,7.0,8.0,7.5,2,71,1.38,25.6,82,0.0
2026-08-15T09:00:00+09:00,17.0,9.0,11.0,10.0,2,122,2.0,27.7,73,0.0
2026-08-15T10:00:00+09:00,17.0,13.0,13.0,13.0,2,139,3.19,28.1,71,0.5
2026-08-15T11:00:00+09:00,21.0,10.0,10.0,10.0,2,140,3.73,28.5,68,0.4
2026-08-15T12:00:00+09:00,21.0,14.0,11.0,12.5,2,150,4.64,28.8,66,0.3
2026-08-15T13:00:00+09:00,17.0,15.0,12.0,13.5,2,152,5.1,28.4,68,0.4
2026-08-15T14:00:00+09:00,17.0,13.0,6.0,9.5,2,151,4.74,28.8,68,0.2
2026-08-15T15:00:00+09:00,17.0,11.0,1.0,6.0,2,163,3.92,29.2,70,0.5
2026-08-15T16:00:00+09:00,7.0,10.0,1.0,5.5,2,146,4.1,27.2,76,1.0
2026-08-15T17:00:00+09:00,10.0,8.0,1.0,4.5,2,148,3.73,27.1,76,0.2
2026-08-15T18:00:00+09:00,12.0,6.0,1.0,3.5,2,146,3.67,26.5,78,0.1
2026-08-15T19:00:00+09:00,15.0,10.0,1.0,5.5,2,128,2.92,25.6,85,0.2
2026-08-15T20:00:00+09:00,15.0,10.0,2.0,6.0,2,105,2.9,25.0,91,0.7
2026-08-15T21:00:00+09:00,24.0,18.0,7.0,12.5,2,85,3.72,24.6,95,1.3
2026-08-15T22:00:00+09:00,23.0,13.0,11.0,12.0,2,94,4.06,24.3,95,0.8
2026-08-15T23:00:00+09:00,29.0,12.0,15.0,13.5,2,89,2.75,24.1,95,0.6
2026-08-16T00:00:00+09:00,27.0,12.0,13.0,12.5,2,111,3.26,24.0,96,0.9
2026-08-16T01:00:00+09:00,22.0,13.0,12.0,12.5,2,137,4.03,24.2,96,2.7
2026-08-16T02:00:00+09:00,20.0,14.0,12.0,13.0,2,127,2.96,24.3,96,1.5
2026-08-16T03:00:00+09:00,18.0,15.0,14.0,14.5,2,91,2.65,24.0,97,0.3
2026-08-16T04:00:00+09:00,16.0,14.0,12.0,13.0,2,92,3.35,24.0,97,0.7
2026-08-16T05:00:00+09:00,23.0,15.0,6.0,10.5,2,114,4.21,24.0,97,1.0
2026-08-16T06:00:00+09:00,13.0,13.0,4.0,8.5,2,107,4.51,24.2,97,1.9
2026-08-16T07:00:00+09:00,16.0,8.0,4.0,6.0,2,120,4.55,24.0,96,1.9
2026-08-16T08:00:00+09:00,13.0,6.0,4.0,5.0,2,121,4.19,24.0,97,2.7
2026-08-16T09:00:00+09:00,9.0,5.0,2.0,3.5,2,109,3.91,24.2,97,2.2
2026-08-16T10:00:00+09:00,7.0,5.0,1.0,3.0,2,77,4.94,24.1,98,14.9
2026-08-16T11:00:00+09:00,4.0,3.0,2.0,2.5,2,87,4.25,24.3,98,23.3
2026-08-16T12:00:00+09:00,5.0,1.0,3.0,2.0,2,147,4.63,25.2,99,15.1
2026-08-16T13:00:00+09:00,4.0,1.0,3.0,2.0,2,151,5.86,25.3,96,1.6
2026-08-16T14:00:00+09:00,4.0,1.0,2.0,1.5,2,155,2.71,26.1,97,2.2
2026-08-16T15:00:00+09:00,7.0,2.0,1.0,1.5,2,102,2.45,25.2,94,1.8
2026-08-16T16:00:00+09:00,7.0,2.0,1.0,1.5,2,105,1.5,25.2,95,2.2
2026-08-16T17:00:00+09:00,6.0,2.0,4.0,3.0,2,66,2.3,24.8,97,4.5
2026-08-16T18:00:00+09:00,3.0,1.0,7.0,4.0,2,63,2.24,24.4,99,4.8
2026-08-16T19:00:00+09:00,5.0,1.0,6.0,3.5,2,72,1.74,24.2,98,0.7
2026-08-16T20:00:00+09:00,5.0,3.0,4.0,3.5,2,78,1.48,24.0,98,0.3
2026-08-16T21:00:00+09:00,10.0,3.0,5.0,4.0,2,59,3.39,23.4,96,0.1
2026-08-16T22:00:00+09:00,6.0,2.0,3.0,2.5,2,51,1.42,23.5,96,0.1
2026-08-16T23:00:00+09:00,2.0,1.0,2.0,1.5,2,79,1.07,23.5,96,0.2
2026-08-17T00:00:00+09:00,4.0,1.0,2.0,1.5,2,85,1.66,23.1,97,1.3
2026-08-17T01:00:00+09:00,3.0,1.0,4.0,2.5,2,54,1.43,23.2,97,0.1
2026-08-17T02:00:00+09:00,12.0,1.0,12.0,6.5,2,38,1.78,23.4,97,0.0
2026-08-17T03:00:00+09:00,7.0,1.0,11.0,6.0,2,70,2.55,23.2,97,0.1
2026-08-17T04:00:00+09:00,8.0,1.0,14.0,7.5,2,74,2.14,23.1,98,0.1
2026-08-17T05:00:00+09:00,6.0,1.0,9.0,5.0,2,64,1.61,23.1,98,0.0
2026-08-17T06:00:00+09:00,3.0,1.0,3.0,2.0,2,52,1.96,23.1,98,0.2
2026-08-17T07:00:00+09:00,10.0,3.0,2.0,2.5,2,24,2.3,23.5,98,0.1
2026-08-17T08:00:00+09:00,8.0,1.0,3.0,2.0,2,13,1.29,25.0,93,0.0
2026-08-17T09:00:00+09:00,8.0,1.0,3.0,2.0,2,82,3.49,24.4,96,0.0
2026-08-17T10:00:00+09:00,5.0,3.0,3.0,3.0,2,83,3.68,25.2,91,0.7
2026-08-17T11:00:00+09:00,7.0,2.0,1.0,1.5,2,83,3.52,26.7,85,0.4
2026-08-17T12:00:00+09:00,,1.0,1.0,1.0,2,85,2.36,27.7,83,0.3
2026-08-17T13:00:00+09:00,,2.0,1.0,1.5,2,105,1.76,28.9,76,0.0
2026-08-17T14:00:00+09:00,,3.0,3.0,3.0,2,130,1.95,29.9,75,0.0
2026-08-17T15:00:00+09:00,,5.0,3.0,4.0,2,124,3.06,27.3,85,0.3
2026-08-17T16:00:00+09:00,,5.0,6.0,5.5,2,153,2.57,27.2,88,0.5
2026-08-17T17:00:00+09:00,,4.0,10.0,7.0,2,180,2.05,26.8,89,0.1
2026-08-17T18:00:00+09:00,,2.0,9.0,5.5,2,215,1.4,26.7,89,0.0
2026-08-17T19:00:00+09:00,,2.0,8.0,5.0,2,218,1.21,26.5,90,0.1
2026-08-17T20:00:00+09:00,,4.0,7.0,5.5,2,222,1.42,25.7,95,0.5
2026-08-17T21:00:00+09:00,,5.0,4.0,4.5,2,207,0.89,26.3,94,0.0
2026-08-17T22:00:00+09:00,,4.0,4.0,4.0,2,236,0.54,26.0,93,0.0
2026-08-17T23:00:00+09:00,,5.0,10.0,7.5,2,228,0.74,25.5,95,0.0
2026-08-18T00:00:00+09:00,,6.0,10.0,8.0,2,221,0.99,25.0,97,0.0
2026-08-18T01:00:00+09:00,,6.0,6.0,6.0,2,222,1.27,24.9,98,0.0
2026-08-18T02:00:00+09:00,,11.0,11.0,11.0,2,214,1.8,24.9,99,0.1
2026-08-18T03:00:00+09:00,,13.0,14.0,13.5,2,159,0.97,25.0,99,0.1
2026-08-18T04:00:00+09:00,,10.0,8.0,9.0,2,149,0.58,25.0,97,0.1
2026-08-18T05:00:00+09:00,,8.0,3.0,5.5,2,96,1.0,25.0,98,0.2
2026-08-18T06:00:00+09:00,,9.0,1.0,5.0,2,45,0.35,24.9,98,0.1
2026-08-18T07:00:00+09:00,,7.0,1.0,4.0,2,56,0.36,25.2,97,0.0
2026-08-18T08:00:00+09:00,,8.0,2.0,5.0,2,247,0.65,25.9,94,0.1
2026-08-18T09:00:00+09:00,,6.0,4.0,5.0,2,286,1.46,27.8,86,0.0
2026-08-18T10:00:00+09:00,,,8.0,8.0,1,255,1.71,29.1,77,0.0
2026-08-18T11:00:00+09:00,15.0,,18.0,18.0,1,223,1.91,29.7,72,0.2
2026-08-18T12:00:00+09:00,7.0,9.0,23.0,16.0,2,201,2.25,30.3,68,0.1
2026-08-18T13:00:00+09:00,15.0,10.0,20.0,15.0,2,191,2.8,30.6,67,0.1
2026-08-18T14:00:00+09:00,7.0,22.0,19.0,20.5,2,187,2.97,30.8,65,0.3
2026-08-18T15:00:00+09:00,9.0,13.0,15.0,14.0,2,183,3.46,30.1,72,0.9
2026-08-18T16:00:00+09:00,9.0,8.0,12.0,10.0,2,196,3.54,29.3,76,0.8
2026-08-18T17:00:00+09:00,11.0,6.0,9.0,7.5,2,207,3.47,28.9,79,0.4
2026-08-18T18:00:00+09:00,11.0,11.0,7.0,9.0,2,212,3.19,28.3,83,0.1
2026-08-18T19:00:00+09:00,7.0,7.0,3.0,5.0,2,215,1.9,27.2,90,0.0
2026-08-18T20:00:00+09:00,3.0,7.0,1.0,4.0,2,229,1.13,26.3,95,0.0
2026-08-18T21:00:00+09:00,5.0,6.0,1.0,3.5,2,247,1.3,26.4,93,0.0
2026-08-18T22:00:00+09:00,6.0,6.0,1.0,3.5,2,333,0.56,25.6,96,0.1
2026-08-18T23:00:00+09:00,6.0,10.0,1.0,5.5,2,270,0.05,25.6,95,0.1
2026-08-19T00:00:00+09:00,5.0,7.0,1.0,4.0,2,217,0.75,25.2,96,0.0
2026-08-19T01:00:00+09:00,7.0,4.0,1.0,2.5,2,209,0.92,25.3,97,0.1
2026-08-19T02:00:00+09:00,10.0,2.0,1.0,1.5,2,207,3.26,24.7,99,0.5
2026-08-19T03:00:00+09:00,11.0,4.0,1.0,2.5,2,267,0.85,24.8,97,1.6
2026-08-19T04:00:00+09:00,8.0,6.0,,6.0,1,254,0.36,24.8,98,0.3
2026-08-19T05:00:00+09:00,9.0,5.0,,5.0,1,180,0.05,24.8,97,0.0
2026-08-19T06:00:00+09:00,7.0,4.0,,4.0,1,360,0.05,24.5,99,0.0
2026-08-19T07:00:00+09:00,5.0,3.0,,3.0,1,270,0.35,24.8,99,0.3
2026-08-19T08:00:00+09:00,6.0,4.0,,4.0,1,256,0.21,25.8,96,0.1
2026-08-19T09:00:00+09:00,5.0,15.0,,15.0,1,192,0.72,26.4,96,0.0
2026-08-19T10:00:00+09:00,3.0,5.0,,5.0,1,183,1.95,27.6,91,0.3
2026-08-19T11:00:00+09:00,6.0,6.0,10.0,8.0,2,191,2.09,28.6,84,0.2
2026-08-19T12:00:00+09:00,5.0,6.0,14.0,10.0,2,189,2.68,28.3,84,0.2
2026-08-19T13:00:00+09:00,4.0,10.0,17.0,13.5,2,182,1.8,28.7,83,0.1
2026-08-19T14:00:00+09:00,5.0,10.0,15.0,12.5,2,192,1.94,29.5,78,0.1
2026-08-19T15:00:00+09:00,4.0,6.0,13.0,9.5,2,203,2.28,28.4,84,0.0
2026-08-19T16:00:00+09:00,5.0,8.0,9.0,8.5,2,257,0.87,27.3,92,3.4
2026-08-19T17:00:00+09:00,5.0,8.0,8.0,8.0,2,354,1.56,26.2,94,9.3
2026-08-19T18:00:00+09:00,7.0,8.0,7.0,7.5,2,340,1.01,26.1,95,0.8
2026-08-19T19:00:00+09:00,8.0,13.0,5.0,9.0,2,76,0.21,25.9,97,0.1
2026-08-19T20:00:00+09:00,6.0,10.0,4.0,7.0,2,307,0.25,25.7,97,0.1
2026-08-19T21:00:00+09:00,8.0,6.0,3.0,4.5,2,13,0.67,25.6,97,0.2
2026-08-19T22:00:00+09:00,9.0,5.0,5.0,5.0,2,3,0.9,25.5,98,0.2
2026-08-19T23:00:00+09:00,9.0,4.0,4.0,4.0,2,337,1.14,25.2,98,0.1
2026-08-20T00:00:00+09:00,8.0,2.0,4.0,3.0,2,334,1.5,25.0,97,0.0
2026-08-20T01:00:00+09:00,9.0,3.0,4.0,3.5,2,344,1.46,24.5,97,0.0
2026-08-20T02:00:00+09:00,7.0,1.0,6.0,3.5,2,347,1.33,24.2,97,0.0
2026-08-20T03:00:00+09:00,7.0,4.0,13.0,8.5,2,338,1.19,24.4,98,0.0
2026-08-20T04:00:00+09:00,6.0,5.0,10.0,7.5,2,340,1.17,24.0,98,0.0
2026-08-20T05:00:00+09:00,5.0,2.0,7.0,4.5,2,347,1.13,23.9,98,0.0
2026-08-20T06:00:00+09:00,3.0,3.0,6.0,4.5,2,338,0.81,23.8,98,0.0
2026-08-20T07:00:00+09:00,8.0,4.0,7.0,5.5,2,356,1.4,24.7,97,0.0
2026-08-20T08:00:00+09:00,6.0,4.0,9.0,6.5,2,4,0.7,26.0,95,0.0
2026-08-20T09:00:00+09:00,6.0,4.0,20.0,12.0,2,112,0.81,27.5,91,0.0
2026-08-20T10:00:00+09:00,8.0,6.0,27.0,16.5,2,146,1.26,29.0,78,0.0
2026-08-20T11:00:00+09:00,9.0,7.0,33.0,20.0,2,179,2.2,29.3,76,0.1
2026-08-20T12:00:00+09:00,11.0,14.0,34.0,24.0,2,185,2.31,29.9,73,0.1
2026-08-20T13:00:00+09:00,10.0,17.0,30.0,23.5,2,179,2.8,30.4,71,0.0
2026-08-20T14:00:00+09:00,23.0,18.0,25.0,21.5,2,172,2.98,30.7,69,0.0
2026-08-20T15:00:00+09:00,26.0,14.0,19.0,16.5,2,168,2.35,31.1,68,0.0
2026-08-20T16:00:00+09:00,10.0,12.0,10.0,11.0,2,183,2.75,30.7,68,0.0
2026-08-20T17:00:00+09:00,15.0,9.0,4.0,6.5,2,182,2.35,30.2,69,0.0
2026-08-20T18:00:00+09:00,10.0,9.0,6.0,7.5,2,175,1.76,29.5,72,0.0
2026-08-20T19:00:00+09:00,10.0,11.0,4.0,7.5,2,156,1.21,28.0,81,0.0
2026-08-20T20:00:00+09:00,8.0,9.0,2.0,5.5,2,108,1.42,27.0,85,0.1
2026-08-20T21:00:00+09:00,8.0,14.0,1.0,7.5,2,203,0.65,27.9,85,0.1
2026-08-20T22:00:00+09:00,7.0,8.0,1.0,4.5,2,72,0.16,27.2,86,0.0
2026-08-20T23:00:00+09:00,7.0,8.0,1.0,4.5,2,70,0.59,26.8,86,0.0
2026-08-21T00:00:00+09:00,8.0,7.0,1.0,4.0,2,45,0.78,26.2,88,0.0
2026-08-21T01:00:00+09:00,17.0,13.0,2.0,7.5,2,22,0.92,25.6,91,0.0
2026-08-21T02:00:00+09:00,12.0,12.0,2.0,7.0,2,30,0.69,25.4,92,0.0
2026-08-21T03:00:00+09:00,12.0,11.0,6.0,8.5,2,45,0.92,25.6,93,0.0
2026-08-21T04:00:00+09:00,13.0,13.0,6.0,9.5,2,38,0.89,25.5,93,0.0
2026-08-21T05:00:00+09:00,16.0,16.0,7.0,11.5,2,96,0.91,25.3,93,0.0
2026-08-21T06:00:00+09:00,16.0,15.0,4.0,9.5,2,50,0.85,25.1,94,0.0
2026-08-21T07:00:00+09:00,8.0,18.0,7.0,12.5,2,55,1.47,26.2,91,0.0
2026-08-21T08:00:00+09:00,16.0,17.0,11.0,14.0,2,70,1.91,27.4,86,0.0
2026-08-21T09:00:00+09:00,19.0,16.0,18.0,17.0,2,103,2.0,28.7,84,0.8
2026-08-21T10:00:00+09:00,22.0,14.0,25.0,19.5,2,121,2.44,29.3,82,0.2
2026-08-21T11:00:00+09:00,23.0,13.0,30.0,21.5,2,148,2.29,28.8,83,0.5
2026-08-21T12:00:00+09:00,23.0,13.0,28.0,20.5,2,161,3.02,28.9,84,0.6
2026-08-21T13:00:00+09:00,26.0,14.0,27.0,20.5,2,147,2.09,29.0,82,0.5
2026-08-21T14:00:00+09:00,26.0,14.0,25.0,19.5,2,170,2.49,29.0,82,0.5
2026-08-21T15:00:00+09:00,25.0,13.0,14.0,13.5,2,134,1.52,28.9,84,0.4
2026-08-21T16:00:00+09:00,26.0,14.0,9.0,11.5,2,121,2.51,28.8,83,0.2
2026-08-21T17:00:00+09:00,21.0,14.0,16.0,15.0,2,151,1.54,27.4,89,1.4
2026-08-21T18:00:00+09:00,23.0,16.0,15.0,15.5,2,188,1.41,26.5,96,1.7
2026-08-21T19:00:00+09:00,22.0,20.0,9.0,14.5,2,258,0.72,26.0,98,0.3
2026-08-21T20:00:00+09:00,16.0,17.0,4.0,10.5,2,73,1.57,25.6,98,0.4
2026-08-21T21:00:00+09:00,16.0,10.0,2.0,6.0,2,344,2.5,23.5,98,0.1
2026-08-21T22:00:00+09:00,14.0,13.0,2.0,7.5,2,51,2.13,24.6,96,0.2
2026-08-21T23:00:00+09:00,15.0,9.0,1.0,5.0,2,61,1.54,25.0,96,0.1
2026-08-22T00:00:00+09:00,11.0,8.0,1.0,4.5,2,82,1.87,24.9,96,0.0
2026-08-22T01:00:00+09:00,15.0,8.0,4.0,6.0,2,93,2.5,24.9,97,0.0
2026-08-22T02:00:00+09:00,5.0,7.0,13.0,10.0,2,96,2.72,25.0,98,0.0
2026-08-22T03:00:00+09:00,14.0,5.0,11.0,8.0,2,105,2.95,25.4,96,0.0
2026-08-22T04:00:00+09:00,17.0,6.0,10.0,8.0,2,91,2.0,25.3,98,0.3
2026-08-22T05:00:00+09:00,17.0,9.0,1.0,5.0,2,71,1.85,25.2,99,0.0
2026-08-22T06:00:00+09:00,16.0,6.0,1.0,3.5,2,82,1.72,25.1,99,0.2
2026-08-22T07:00:00+09:00,21.0,6.0,1.0,3.5,2,65,1.99,25.5,98,0.2
2026-08-22T08:00:00+09:00,18.0,6.0,7.0,6.5,2,72,2.31,26.5,94,0.0
2026-08-22T09:00:00+09:00,22.0,8.0,13.0,10.5,2,105,3.0,27.7,96,0.3
2026-08-22T10:00:00+09:00,17.0,10.0,17.0,13.5,2,117,3.71,28.6,87,0.2
2026-08-22T11:00:00+09:00,16.0,7.0,18.0,12.5,2,144,4.01,29.4,82,0.3
2026-08-22T12:00:00+09:00,18.0,5.0,21.0,13.0,2,151,4.61,29.7,78,0.4
2026-08-22T13:00:00+09:00,24.0,8.0,23.0,15.5,2,153,5.05,28.4,85,0.5
2026-08-22T14:00:00+09:00,24.0,11.0,22.0,16.5,2,153,4.81,28.1,85,0.7
2026-08-22T15:00:00+09:00,22.0,14.0,19.0,16.5,2,160,4.25,29.5,81,0.5
2026-08-22T16:00:00+09:00,19.0,13.0,15.0,14.0,2,158,3.57,29.3,80,0.0
2026-08-22T17:00:00+09:00,10.0,16.0,5.0,10.5,2,152,2.77,29.4,77,0.0
2026-08-22T18:00:00+09:00,12.0,15.0,1.0,8.0,2,159,1.98,28.8,79,0.0
2026-08-22T19:00:00+09:00,7.0,13.0,3.0,8.0,2,150,1.39,27.6,86,0.0
2026-08-22T20:00:00+09:00,7.0,10.0,8.0,9.0,2,128,1.53,26.7,91,0.0
2026-08-22T21:00:00+09:00,8.0,11.0,9.0,10.0,2,126,1.72,26.7,92,0.0
2026-08-22T22:00:00+09:00,10.0,13.0,4.0,8.5,2,103,1.54,26.1,94,0.0
2026-08-22T23:00:00+09:00,9.0,8.0,1.0,4.5,2,81,1.27,25.8,94,0.0
2026-08-23T00:00:00+09:00,10.0,9.0,1.0,5.0,2,54,1.18,25.5,94,0.0
2026-08-23T01:00:00+09:00,15.0,7.0,1.0,4.0,2,39,1.1,25.2,95,0.0
2026-08-23T02:00:00+09:00,8.0,6.0,3.0,4.5,2,49,0.99,24.9,95,0.0
2026-08-23T03:00:00+09:00,7.0,6.0,6.0,6.0,2,39,1.28,25.0,96,0.0
2026-08-23T04:00:00+09:00,13.0,7.0,8.0,7.5,2,36,1.43,24.8,96,0.0
2026-08-23T05:00:00+09:00,10.0,8.0,7.0,7.5,2,53,1.25,24.6,96,0.0
2026-08-23T06:00:00+09:00,10.0,7.0,6.0,6.5,2,51,1.1,24.5,95,0.0
2026-08-23T07:00:00+09:00,14.0,7.0,6.0,6.5,2,46,1.52,25.8,91,0.0
2026-08-23T08:00:00+09:00,12.0,8.0,7.0,7.5,2,71,1.38,27.3,87,0.0
2026-08-23T09:00:00+09:00,13.0,6.0,12.0,9.0,2,120,1.97,28.6,84,0.0
2026-08-23T10:00:00+09:00,12.0,6.0,16.0,11.0,2,143,2.0,29.3,80,0.2
2026-08-23T11:00:00+09:00,15.0,4.0,22.0,13.0,2,160,2.39,30.1,74,0.1
2026-08-23T12:00:00+09:00,15.0,4.0,24.0,14.0,2,168,2.91,30.7,71,0.1
2026-08-23T13:00:00+09:00,18.0,6.0,24.0,15.0,2,176,3.21,30.9,70,0.0
2026-08-23T14:00:00+09:00,18.0,5.0,22.0,13.5,2,177,3.1,31.2,68,0.0
2026-08-23T15:00:00+09:00,22.0,8.0,20.0,14.0,2,181,3.0,31.4,66,0.0
2026-08-23T16:00:00+09:00,20.0,11.0,18.0,14.5,2,182,2.9,31.0,66,0.0
2026-08-23T17:00:00+09:00,20.0,10.0,14.0,12.0,2,176,2.66,30.4,70,0.0
2026-08-23T18:00:00+09:00,16.0,13.0,6.0,9.5,2,177,1.85,29.5,74,0.0
2026-08-23T19:00:00+09:00,26.0,20.0,8.0,14.0,2,174,0.96,28.1,85,0.0
2026-08-23T20:00:00+09:00,27.0,18.0,7.0,12.5,2,164,0.73,27.2,89,0.0
2026-08-23T21:00:00+09:00,27.0,12.0,4.0,8.0,2,171,0.61,27.1,90,0.0
2026-08-23T22:00:00+09:00,17.0,9.0,6.0,7.5,2,219,0.32,26.6,91,0.0
2026-08-23T23:00:00+09:00,19.0,9.0,7.0,8.0,2,315,0.21,26.1,93,0.0
2026-08-24T00:00:00+09:00,23.0,8.0,8.0,8.0,2,333,0.22,25.6,94,0.0
2026-08-24T01:00:00+09:00,22.0,7.0,10.0,8.5,2,342,0.16,25.4,94,0.0
2026-08-24T02:00:00+09:00,20.0,8.0,12.0,10.0,2,342,0.16,25.3,94,0.0
2026-08-24T03:00:00+09:00,21.0,9.0,10.0,9.5,2,333,0.89,25.0,97,0.0
2026-08-24T04:00:00+09:00,23.0,8.0,8.0,8.0,2,335,0.83,24.4,97,0.0
2026-08-24T05:00:00+09:00,,7.0,14.0,10.5,2,335,0.94,24.1,97,0.0
2026-08-24T06:00:00+09:00,29.0,9.0,16.0,12.5,2,337,1.14,23.8,97,0.0
2026-08-24T07:00:00+09:00,22.0,9.0,15.0,12.0,2,337,1.25,25.1,94,0.0
2026-08-24T08:00:00+09:00,30.0,9.0,14.0,11.5,2,311,0.53,27.7,82,0.0
2026-08-24T09:00:00+09:00,32.0,11.0,18.0,14.5,2,225,0.49,29.4,74,0.0
2026-08-24T10:00:00+09:00,32.0,11.0,25.0,18.0,2,194,1.24,30.2,71,0.0
2026-08-24T11:00:00+09:00,26.0,12.0,31.0,21.5,2,197,1.88,30.9,68,0.0
2026-08-24T12:00:00+09:00,27.0,25.0,31.0,28.0,2,203,2.55,31.5,65,0.0
2026-08-24T13:00:00+09:00,20.0,26.0,28.0,27.0,2,203,2.93,32.0,62,0.2
2026-08-24T14:00:00+09:00,23.0,11.0,23.0,17.0,2,201,3.28,32.3,60,0.2
2026-08-24T15:00:00+09:00,22.0,10.0,20.0,15.0,2,203,3.7,32.9,57,0.2
2026-08-24T16:00:00+09:00,17.0,13.0,12.0,12.5,2,207,3.91,32.3,60,0.0
2026-08-24T17:00:00+09:00,19.0,19.0,8.0,13.5,2,218,3.7,31.5,63,0.0
2026-08-24T18:00:00+09:00,22.0,18.0,12.0,15.0,2,229,3.19,30.4,68,0.0
2026-08-24T19:00:00+09:00,15.0,14.0,13.0,13.5,2,242,2.15,28.9,76,0.0
2026-08-24T20:00:00+09:00,14.0,10.0,9.0,9.5,2,265,1.76,27.9,83,0.0
2026-08-24T21:00:00+09:00,13.0,7.0,4.0,5.5,2,279,1.27,27.2,84,0.0
2026-08-24T22:00:00+09:00,16.0,6.0,4.0,5.0,2,277,1.26,26.5,88,0.0
2026-08-24T23:00:00+09:00,15.0,6.0,5.0,5.5,2,286,1.09,26.0,91,0.0
2026-08-25T00:00:00+09:00,11.0,7.0,4.0,5.5,2,301,1.28,25.6,92,0.0
2026-08-25T01:00:00+09:00,18.0,7.0,2.0,4.5,2,319,1.67,25.5,92,0.0
2026-08-25T02:00:00+09:00,17.0,5.0,1.0,3.0,2,326,1.98,25.6,90,0.0
2026-08-25T03:00:00+09:00,17.0,7.0,1.0,4.0,2,315,1.77,25.3,92,0.0
2026-08-25T04:00:00+09:00,19.0,8.0,1.0,4.5,2,326,2.3,24.9,93,0.0
2026-08-25T05:00:00+09:00,15.0,7.0,1.0,4.0,2,331,3.16,25.0,91,0.0
2026-08-25T06:00:00+09:00,10.0,5.0,6.0,5.5,2,334,3.29,25.3,88,0.0
2026-08-25T07:00:00+09:00,11.0,4.0,7.0,5.5,2,332,2.66,26.4,85,0.0
2026-08-25T08:00:00+09:00,12.0,4.0,7.0,5.5,2,332,1.36,28.5,77,0.0
2026-08-25T09:00:00+09:00,14.0,6.0,12.0,9.0,2,354,1.36,30.5,68,0.0
2026-08-25T10:00:00+09:00,11.0,5.0,21.0,13.0,2,243,0.22,31.4,64,0.1
2026-08-25T11:00:00+09:00,8.0,,28.0,28.0,1,232,1.14,31.7,62,0.2
2026-08-25T12:00:00+09:00,13.0,19.0,,19.0,1,233,1.5,31.9,63,0.4
2026-08-25T13:00:00+09:00,10.0,17.0,,17.0,1,220,1.88,32.4,61,0.3
2026-08-25T14:00:00+09:00,15.0,19.0,,19.0,1,226,1.8,32.7,59,0.2
2026-08-25T15:00:00+09:00,16.0,14.0,,14.0,1,276,1.36,32.6,59,0.3
2026-08-25T16:00:00+09:00,15.0,14.0,35.0,24.5,2,294,1.37,32.7,59,0.0
2026-08-25T17:00:00+09:00,17.0,18.0,26.0,22.0,2,293,1.41,32.5,59,0.0
2026-08-25T18:00:00+09:00,10.0,21.0,15.0,18.0,2,246,1.1,32.1,61,0.0
2026-08-25T19:00:00+09:00,14.0,20.0,11.0,15.5,2,196,1.3,30.1,72,0.0
2026-08-25T20:00:00+09:00,14.0,18.0,12.0,15.0,2,200,1.49,28.8,79,0.0
2026-08-25T21:00:00+09:00,16.0,17.0,12.0,14.5,2,209,1.95,28.8,77,0.0
2026-08-25T22:00:00+09:00,13.0,20.0,11.0,15.5,2,237,1.01,27.9,81,0.0
2026-08-25T23:00:00+09:00,17.0,9.0,9.0,9.0,2,252,0.16,27.6,83,0.0
2026-08-26T00:00:00+09:00,16.0,7.0,11.0,9.0,2,56,0.18,27.0,86,0.0
2026-08-26T01:00:00+09:00,26.0,7.0,11.0,9.0,2,355,0.6,26.5,90,0.0
2026-08-26T02:00:00+09:00,17.0,9.0,13.0,11.0,2,354,0.91,26.0,93,0.0
2026-08-26T03:00:00+09:00,12.0,9.0,9.0,9.0,2,348,2.1,25.7,91,0.0
2026-08-26T04:00:00+09:00,19.0,7.0,10.0,8.5,2,349,2.14,25.4,91,0.0
2026-08-26T05:00:00+09:00,19.0,7.0,24.0,15.5,2,351,1.92,25.0,92,0.0
2026-08-26T06:00:00+09:00,17.0,6.0,24.0,15.0,2,347,1.54,24.5,94,0.0
2026-08-26T07:00:00+09:00,23.0,11.0,20.0,15.5,2,356,2.3,26.3,86,0.0
2026-08-26T08:00:00+09:00,18.0,9.0,17.0,13.0,2,31,1.05,28.9,75,0.0
2026-08-26T09:00:00+09:00,22.0,11.0,20.0,15.5,2,94,1.4,30.6,68,0.0
2026-08-26T10:00:00+09:00,20.0,9.0,25.0,17.0,2,101,1.63,31.9,59,0.0
2026-08-26T11:00:00+09:00,24.0,13.0,28.0,20.5,2,124,2.12,33.1,54,0.0
2026-08-26T12:00:00+09:00,29.0,9.0,18.0,13.5,2,154,2.95,33.6,53,0.0
2026-08-26T13:00:00+09:00,35.0,9.0,12.0,10.5,2,173,3.68,33.3,56,0.0
2026-08-26T14:00:00+09:00,43.0,11.0,11.0,11.0,2,178,2.8,33.4,54,0.0
2026-08-26T15:00:00+09:00,41.0,14.0,12.0,13.0,2,175,2.61,33.8,52,0.0
2026-08-26T16:00:00+09:00,32.0,15.0,14.0,14.5,2,175,2.41,33.5,53,0.0
2026-08-26T17:00:00+09:00,23.0,16.0,14.0,15.0,2,182,1.45,33.1,55,0.0
2026-08-26T18:00:00+09:00,27.0,14.0,19.0,16.5,2,182,1.6,32.3,58,0.0
2026-08-26T19:00:00+09:00,22.0,24.0,18.0,21.0,2,176,1.35,31.0,64,0.0
2026-08-26T20:00:00+09:00,24.0,23.0,13.0,18.0,2,238,0.47,30.2,72,0.0
2026-08-26T21:00:00+09:00,24.0,17.0,10.0,13.5,2,77,0.46,29.8,76,0.0
2026-08-26T22:00:00+09:00,28.0,10.0,9.0,9.5,2,134,1.66,29.0,77,0.0
2026-08-26T23:00:00+09:00,23.0,10.0,8.0,9.0,2,149,2.04,28.6,85,0.0
2026-08-27T00:00:00+09:00,23.0,11.0,8.0,9.5,2,152,0.74,28.0,91,0.0
2026-08-27T01:00:00+09:00,28.0,11.0,10.0,10.5,2,32,0.47,27.6,92,0.0
2026-08-27T02:00:00+09:00,24.0,12.0,19.0,15.5,2,353,0.4,27.3,93,0.0
2026-08-27T03:00:00+09:00,27.0,13.0,17.0,15.0,2,72,0.47,28.1,92,0.0
2026-08-27T04:00:00+09:00,28.0,12.0,13.0,12.5,2,18,0.63,27.6,92,0.0
2026-08-27T05:00:00+09:00,31.0,11.0,10.0,10.5,2,355,0.55,26.5,92,0.0
2026-08-27T06:00:00+09:00,28.0,11.0,9.0,10.0,2,13,1.13,25.3,97,2.3
2026-08-27T07:00:00+09:00,25.0,12.0,10.0,11.0,2,11,1.88,25.3,97,0.9
2026-08-27T08:00:00+09:00,28.0,11.0,11.0,11.0,2,360,2.0,26.4,93,0.1
2026-08-27T09:00:00+09:00,33.0,9.0,13.0,11.0,2,74,1.66,29.0,87,0.3
2026-08-27T10:00:00+09:00,36.0,,18.0,18.0,1,159,1.39,30.5,76,0.2
2026-08-27T11:00:00+09:00,32.0,,16.0,16.0,1,189,1.87,30.5,75,0.7
2026-08-27T12:00:00+09:00,34.0,,15.0,15.0,1,192,2.61,31.7,70,0.1
2026-08-27T13:00:00+09:00,32.0,,13.0,13.0,1,176,2.16,30.0,81,2.7
2026-08-27T14:00:00+09:00,18.0,,7.0,7.0,1,137,2.41,31.4,70,0.2
2026-08-27T15:00:00+09:00,6.0,,3.0,3.0,1,200,2.18,28.9,88,0.2
2026-08-27T16:00:00+09:00,4.0,,6.0,6.0,1,311,2.2,27.2,96,4.3
2026-08-27T17:00:00+09:00,7.0,,5.0,5.0,1,327,1.84,27.7,93,0.4
2026-08-27T18:00:00+09:00,6.0,,1.0,1.0,1,233,0.5,26.8,90,2.0
2026-08-27T19:00:00+09:00,3.0,,1.0,1.0,1,355,2.16,25.9,98,2.5
2026-08-27T20:00:00+09:00,9.0,,1.0,1.0,1,8,1.77,25.7,98,0.2
2026-08-27T21:00:00+09:00,7.0,,1.0,1.0,1,333,0.22,27.3,97,0.1
2026-08-27T22:00:00+09:00,7.0,,2.0,2.0,1,351,0.3,26.9,98,0.2
2026-08-27T23:00:00+09:00,13.0,,14.0,14.0,1,289,0.9,25.9,98,2.3
2026-08-28T00:00:00+09:00,10.0,,14.0,14.0,1,342,0.32,26.0,97,1.6
2026-08-28T01:00:00+09:00,7.0,,10.0,10.0,1,56,0.36,25.8,97,0.5
2026-08-28T02:00:00+09:00,4.0,,9.0,9.0,1,45,0.99,25.8,97,1.0
2026-08-28T03:00:00+09:00,7.0,,9.0,9.0,1,354,1.51,26.1,97,0.1
2026-08-28T04:00:00+09:00,7.0,,6.0,6.0,1,243,0.34,25.6,97,2.2
2026-08-28T05:00:00+09:00,7.0,,6.0,6.0,1,137,0.88,25.5,98,1.2
2026-08-28T06:00:00+09:00,7.0,,3.0,3.0,1,7,1.21,25.3,98,0.4
2026-08-28T07:00:00+09:00,6.0,,1.0,1.0,1,47,1.24,25.1,99,2.0
2026-08-28T08:00:00+09:00,6.0,,1.0,1.0,1,63,1.86,25.4,99,3.0
2026-08-28T09:00:00+09:00,6.0,,1.0,1.0,1,110,2.66,25.8,96,1.1
2026-08-28T10:00:00+09:00,11.0,,3.0,3.0,1,102,1.74,26.2,97,4.0
2026-08-28T11:00:00+09:00,8.0,,3.0,3.0,1,138,2.62,27.2,96,0.6
2026-08-28T12:00:00+09:00,5.0,,4.0,4.0,1,150,4.06,27.8,89,0.6
2026-08-28T13:00:00+09:00,12.0,4.0,9.0,6.5,2,146,3.06,26.7,97,4.7
2026-08-28T14:00:00+09:00,6.0,3.0,17.0,10.0,2,162,3.15,27.3,95,0.8
2026-08-28T15:00:00+09:00,11.0,3.0,9.0,6.0,2,166,2.27,27.1,95,0.6
2026-08-28T16:00:00+09:00,6.0,3.0,2.0,2.5,2,186,1.46,27.1,97,2.7
2026-08-28T17:00:00+09:00,8.0,1.0,1.0,1.0,2,189,3.39,26.1,95,4.9
2026-08-28T18:00:00+09:00,6.0,1.0,1.0,1.0,2,209,3.27,26.1,98,2.1
2026-08-28T19:00:00+09:00,3.0,3.0,1.0,2.0,2,225,2.19,25.6,97,0.7
2026-08-28T20:00:00+09:00,9.0,4.0,1.0,2.5,2,255,0.98,25.4,98,0.2
2026-08-28T21:00:00+09:00,8.0,3.0,1.0,2.0,2,252,0.47,26.8,93,0.0
2026-08-28T22:00:00+09:00,6.0,3.0,1.0,2.0,2,214,1.26,26.1,96,0.5
2026-08-28T23:00:00+09:00,7.0,1.0,1.0,1.0,2,205,0.94,26.4,95,0.4
2026-08-29T00:00:00+09:00,10.0,1.0,1.0,1.0,2,230,0.78,26.4,94,0.0
2026-08-29T01:00:00+09:00,10.0,1.0,2.0,1.5,2,253,0.68,25.8,95,0.2
2026-08-29T02:00:00+09:00,7.0,1.0,6.0,3.5,2,304,0.72,25.6,96,0.4
2026-08-29T03:00:00+09:00,5.0,1.0,4.0,2.5,2,300,1.61,25.5,97,0.0
2026-08-29T04:00:00+09:00,4.0,1.0,3.0,2.0,2,308,1.21,25.1,97,0.0
2026-08-29T05:00:00+09:00,4.0,1.0,3.0,2.0,2,297,0.67,25.0,97,0.0
2026-08-29T06:00:00+09:00,3.0,1.0,2.0,1.5,2,301,0.58,25.0,96,0.0
2026-08-29T07:00:00+09:00,9.0,,2.0,2.0,1,321,1.1,25.8,96,0.0
2026-08-29T08:00:00+09:00,6.0,,2.0,2.0,1,295,1.16,26.8,92,0.0
2026-08-29T09:00:00+09:00,5.0,,3.0,3.0,1,299,0.51,27.2,88,0.2
2026-08-29T10:00:00+09:00,8.0,,7.0,7.0,1,226,1.38,28.3,89,0.4
2026-08-29T11:00:00+09:00,7.0,3.0,13.0,8.0,2,245,3.74,27.4,92,1.6
2026-08-29T12:00:00+09:00,8.0,4.0,13.0,8.5,2,246,1.86,27.9,89,0.5
2026-08-29T13:00:00+09:00,6.0,4.0,9.0,6.5,2,241,2.46,29.5,82,0.1
2026-08-29T14:00:00+09:00,5.0,1.0,5.0,3.0,2,233,3.78,27.4,93,2.0
2026-08-29T15:00:00+09:00,3.0,1.0,3.0,2.0,2,234,1.61,28.4,88,0.4
2026-08-29T16:00:00+09:00,4.0,1.0,1.0,1.0,2,238,3.12,26.6,92,3.1
2026-08-29T17:00:00+09:00,3.0,2.0,2.0,2.0,2,263,2.02,26.4,96,2.5
2026-08-29T18:00:00+09:00,3.0,2.0,3.0,2.5,2,259,1.63,26.1,96,1.3
2026-08-29T19:00:00+09:00,6.0,1.0,3.0,2.0,2,254,0.93,26.0,98,0.1
2026-08-29T20:00:00+09:00,4.0,1.0,1.0,1.0,2,284,0.62,26.0,97,0.0
2026-08-29T21:00:00+09:00,5.0,1.0,1.0,1.0,2,270,0.3,27.1,96,0.1
2026-08-29T22:00:00+09:00,3.0,1.0,2.0,1.5,2,279,0.3,26.5,92,0.0
2026-08-29T23:00:00+09:00,5.0,1.0,10.0,5.5,2,319,0.53,26.0,94,0.0
2026-08-30T00:00:00+09:00,6.0,1.0,15.0,8.0,2,284,0.41,25.9,94,0.0
2026-08-30T01:00:00+09:00,6.0,1.0,8.0,4.5,2,260,0.56,25.8,93,0.0
2026-08-30T02:00:00+09:00,1.0,1.0,3.0,2.0,2,234,1.11,25.3,93,0.1
2026-08-30T03:00:00+09:00,3.0,,2.0,2.0,1,279,0.91,25.4,97,0.2
2026-08-30T04:00:00+09:00,6.0,,12.0,12.0,1,288,0.79,24.9,97,0.0
2026-08-30T05:00:00+09:00,7.0,,8.0,8.0,1,303,1.01,24.7,97,0.2
2026-08-30T06:00:00+09:00,4.0,,3.0,3.0,1,299,0.63,24.9,96,0.1
2026-08-30T07:00:00+09:00,1.0,,1.0,1.0,1,322,1.46,25.5,96,0.0
2026-08-30T08:00:00+09:00,3.0,,1.0,1.0,1,311,1.67,26.4,94,0.0
2026-08-30T09:00:00+09:00,6.0,,1.0,1.0,1,211,1.64,27.4,88,0.0
2026-08-30T10:00:00+09:00,7.0,,6.0,6.0,1,237,1.84,28.0,91,1.3
2026-08-30T11:00:00+09:00,6.0,2.0,7.0,4.5,2,204,2.69,28.8,88,0.4
2026-08-30T12:00:00+09:00,5.0,4.0,7.0,5.5,2,190,2.75,29.6,82,0.3
2026-08-30T13:00:00+09:00,4.0,6.0,7.0,6.5,2,257,2.46,26.1,97,6.2
2026-08-30T14:00:00+09:00,2.0,5.0,6.0,5.5,2,189,1.52,28.2,87,0.2
2026-08-30T15:00:00+09:00,4.0,3.0,2.0,2.5,2,204,2.42,27.4,95,0.1
2026-08-30T16:00:00+09:00,8.0,8.0,4.0,6.0,2,204,0.49,28.0,91,0.4
2026-08-30T17:00:00+09:00,6.0,6.0,3.0,4.5,2,281,0.51,27.6,92,0.8
2026-08-30T18:00:00+09:00,5.0,5.0,1.0,3.0,2,333,1.01,26.3,96,2.6
2026-08-30T19:00:00+09:00,4.0,1.0,1.0,1.0,2,349,0.76,26.0,98,0.1
2026-08-30T20:00:00+09:00,4.0,1.0,1.0,1.0,2,6,0.96,25.8,98,0.0
2026-08-30T21:00:00+09:00,5.0,1.0,1.0,1.0,2,171,2.28,26.3,98,0.0
2026-08-30T22:00:00+09:00,4.0,1.0,3.0,2.0,2,171,2.63,25.8,98,0.0
2026-08-30T23:00:00+09:00,7.0,1.0,5.0,3.0,2,160,1.44,25.3,97,0.0
2026-08-31T00:00:00+09:00,8.0,1.0,4.0,2.5,2,78,0.72,25.0,98,0.2
2026-08-31T01:00:00+09:00,7.0,1.0,3.0,2.0,2,57,1.01,25.1,98,0.1
2026-08-31T02:00:00+09:00,6.0,1.0,1.0,1.0,2,56,0.72,25.2,97,0.1
2026-08-31T03:00:00+09:00,4.0,,1.0,1.0,1,112,1.35,25.1,99,0.5
2026-08-31T04:00:00+09:00,2.0,,1.0,1.0,1,160,1.91,25.4,98,0.4
2026-08-31T05:00:00+09:00,6.0,,1.0,1.0,1,172,2.17,25.5,97,0.3
2026-08-31T06:00:00+09:00,6.0,,1.0,1.0,1,172,1.77,25.7,96,0.4
2026-08-31T07:00:00+09:00,8.0,,2.0,2.0,1,223,1.77,24.9,97,0.6
2026-08-31T08:00:00+09:00,9.0,,2.0,2.0,1,178,1.2,25.6,96,1.3
2026-08-31T09:00:00+09:00,6.0,,5.0,5.0,1,102,1.89,26.9,92,0.2
2026-08-31T10:00:00+09:00,9.0,6.0,8.0,7.0,2,173,3.52,27.9,88,0.3
2026-08-31T11:00:00+09:00,8.0,4.0,8.0,6.0,2,183,5.01,28.7,84,0.6
2026-08-31T12:00:00+09:00,7.0,3.0,7.0,5.0,2,179,5.7,29.1,81,0.6
2026-08-31T13:00:00+09:00,5.0,5.0,18.0,11.5,2,184,5.66,29.4,80,0.5
2026-08-31T14:00:00+09:00,4.0,5.0,12.0,8.5,2,195,5.58,29.4,79,0.4
2026-08-31T15:00:00+09:00,5.0,3.0,3.0,3.0,2,185,5.67,29.8,76,0.3
2026-08-31T16:00:00+09:00,6.0,6.0,1.0,3.5,2,186,5.12,29.5,75,0.2
2026-08-31T17:00:00+09:00,9.0,6.0,1.0,3.5,2,182,4.55,28.8,79,0.3
2026-08-31T18:00:00+09:00,5.0,4.0,1.0,2.5,2,175,4.32,27.8,86,0.1
2026-08-31T19:00:00+09:00,4.0,5.0,1.0,3.0,2,176,3.36,26.8,90,0.0
2026-08-31T20:00:00+09:00,6.0,5.0,1.0,3.0,2,181,2.55,26.5,90,0.0
2026-08-31T21:00:00+09:00,5.0,4.0,1.0,2.5,2,181,2.0,26.3,90,0.0
2026-08-31T22:00:00+09:00,7.0,3.0,1.0,2.0,2,187,2.47,26.2,90,0.0
2026-08-31T23:00:00+09:00,12.0,6.0,1.0,3.5,2,180,1.95,25.9,91,0.0
2026-09-01T00:00:00+09:00,8.0,5.0,,5.0,1,180,1.75,25.8,91,0.0
2026-09-01T01:00:00+09:00,6.0,2.0,,2.0,1,187,1.66,25.7,92,0.0
2026-09-01T02:00:00+09:00,11.0,2.0,7.0,4.5,2,191,1.83,25.6,92,0.0
2026-09-01T03:00:00+09:00,7.0,2.0,10.0,6.0,2,159,1.82,25.1,95,0.0
2026-09-01T04:00:00+09:00,6.0,1.0,3.0,2.0,2,167,2.3,25.1,95,0.1
2026-09-01T05:00:00+09:00,8.0,1.0,1.0,1.0,2,170,1.78,25.1,93,0.0
2026-09-01T06:00:00+09:00,5.0,2.0,1.0,1.5,2,165,1.5,24.9,91,0.0
2026-09-01T07:00:00+09:00,2.0,2.0,1.0,1.5,2,180,2.3,25.9,89,0.1
2026-09-01T08:00:00+09:00,6.0,2.0,1.0,1.5,2,197,2.82,26.2,87,0.3
2026-09-01T09:00:00+09:00,6.0,4.0,2.0,3.0,2,199,2.44,26.2,90,0.7
2026-09-01T10:00:00+09:00,6.0,3.0,7.0,5.0,2,202,1.62,28.0,83,0.5
2026-09-01T11:00:00+09:00,6.0,4.0,11.0,7.5,2,190,3.55,28.7,78,0.5
2026-09-01T12:00:00+09:00,6.0,3.0,11.0,7.0,2,183,4.26,28.5,77,0.9
2026-09-01T13:00:00+09:00,6.0,1.0,10.0,5.5,2,182,4.15,28.0,79,0.3
2026-09-01T14:00:00+09:00,8.0,3.0,6.0,4.5,2,192,3.58,29.1,78,1.2
2026-09-01T15:00:00+09:00,6.0,3.0,3.0,3.0,2,186,3.92,30.5,67,1.0
2026-09-01T16:00:00+09:00,,5.0,4.0,4.5,2,187,3.78,29.9,67,0.1
2026-09-01T17:00:00+09:00,,4.0,6.0,5.0,2,184,3.56,29.2,70,0.0
2026-09-01T18:00:00+09:00,,4.0,4.0,4.0,2,174,2.77,28.2,78,0.0
2026-09-01T19:00:00+09:00,,2.0,1.0,1.5,2,195,1.5,26.7,85,0.2
2026-09-01T20:00:00+09:00,,3.0,1.0,2.0,2,267,2.0,24.9,94,0.8
2026-09-01T21:00:00+09:00,,8.0,1.0,4.5,2,321,0.71,25.5,96,0.4
2026-09-01T22:00:00+09:00,,5.0,3.0,4.0,2,308,1.71,25.2,96,0.0
2026-09-01T23:00:00+09:00,,3.0,5.0,4.0,2,324,1.86,24.8,93,0.0
2026-09-02T00:00:00+09:00,,4.0,5.0,4.5,2,348,0.72,24.6,94,0.0
2026-09-02T01:00:00+09:00,,2.0,4.0,3.0,2,323,0.5,24.5,94,0.0
2026-09-02T02:00:00+09:00,,1.0,1.0,1.0,2,318,0.74,24.5,94,0.0
2026-09-02T03:00:00+09:00,,1.0,4.0,2.5,2,332,1.3,24.6,94,0.0
2026-09-02T04:00:00+09:00,,1.0,5.0,3.0,2,354,1.36,24.5,95,0.0
2026-09-02T05:00:00+09:00,,2.0,1.0,1.5,2,352,1.11,24.6,95,0.0
2026-09-02T06:00:00+09:00,,2.0,3.0,2.5,2,353,0.86,24.1,96,0.0
2026-09-02T07:00:00+09:00,,1.0,4.0,2.5,2,51,0.32,24.9,91,0.1
2026-09-02T08:00:00+09:00,,3.0,5.0,4.0,2,265,1.15,24.7,96,1.1
2026-09-02T09:00:00+09:00,,6.0,6.0,6.0,2,331,0.51,26.2,94,0.2
2026-09-02T10:00:00+09:00,,4.0,8.0,6.0,2,218,0.82,27.1,86,0.0
2026-09-02T11:00:00+09:00,,2.0,10.0,6.0,2,233,0.75,28.3,81,0.0
2026-09-02T12:00:00+09:00,,5.0,13.0,9.0,2,198,1.11,29.3,75,0.2
2026-09-02T13:00:00+09:00,,6.0,17.0,11.5,2,187,1.92,29.6,72,0.1
2026-09-02T14:00:00+09:00,,6.0,15.0,10.5,2,182,2.5,29.9,69,0.2
2026-09-02T15:00:00+09:00,,9.0,7.0,8.0,2,276,2.21,29.7,68,0.4
2026-09-02T16:00:00+09:00,,7.0,2.0,4.5,2,289,1.8,29.7,70,0.0
2026-09-02T17:00:00+09:00,,7.0,5.0,6.0,2,281,1.27,29.2,72,0.0
2026-09-02T18:00:00+09:00,,8.0,4.0,6.0,2,301,1.75,28.3,77,0.0
2026-09-02T19:00:00+09:00,4.0,6.0,1.0,3.5,2,331,2.35,27.0,82,0.0
2026-09-02T20:00:00+09:00,7.0,9.0,1.0,5.0,2,341,2.86,26.3,83,0.0
2026-09-02T21:00:00+09:00,6.0,6.0,2.0,4.0,2,263,0.81,26.7,87,0.0
2026-09-02T22:00:00+09:00,8.0,6.0,6.0,6.0,2,291,0.85,25.9,91,0.0
2026-09-02T23:00:00+09:00,13.0,5.0,7.0,6.0,2,6,1.51,25.5,91,0.0
2026-09-03T00:00:00+09:00,10.0,7.0,8.0,7.5,2,5,1.81,25.1,92,0.0
2026-09-03T01:00:00+09:00,14.0,6.0,8.0,7.0,2,349,1.78,24.9,92,0.0
2026-09-03T02:00:00+09:00,9.0,7.0,4.0,5.5,2,17,1.04,24.6,93,0.0
2026-09-03T03:00:00+09:00,12.0,6.0,3.0,4.5,2,360,1.95,25.3,94,0.0
2026-09-03T04:00:00+09:00,12.0,3.0,5.0,4.0,2,357,2.1,25.0,94,0.0
2026-09-03T05:00:00+09:00,8.0,4.0,7.0,5.5,2,2,1.2,24.8,95,0.0
2026-09-03T06:00:00+09:00,10.0,4.0,8.0,6.0,2,6,1.0,24.8,95,0.0
2026-09-03T07:00:00+09:00,7.0,5.0,9.0,7.0,2,39,1.42,25.3,94,0.0
2026-09-03T08:00:00+09:00,8.0,6.0,9.0,7.5,2,46,1.73,26.2,86,0.0
2026-09-03T09:00:00+09:00,14.0,7.0,10.0,8.5,2,17,1.52,27.6,78,0.0
2026-09-03T10:00:00+09:00,16.0,7.0,13.0,10.0,2,60,1.5,28.9,72,0.0
2026-09-03T11:00:00+09:00,11.0,6.0,15.0,10.5,2,99,1.52,29.7,70,0.0
2026-09-03T12:00:00+09:00,10.0,7.0,17.0,12.0,2,112,1.73,30.5,68,0.0
2026-09-03T13:00:00+09:00,17.0,9.0,20.0,14.5,2,106,1.82,30.2,69,0.0
2026-09-03T14:00:00+09:00,23.0,12.0,19.0,15.5,2,104,2.11,29.9,69,0.0
2026-09-03T15:00:00+09:00,19.0,11.0,17.0,14.0,2,87,1.8,30.6,69,0.2
2026-09-03T16:00:00+09:00,21.0,14.0,15.0,14.5,2,95,2.31,30.4,70,0.0
2026-09-03T17:00:00+09:00,21.0,18.0,11.0,14.5,2,99,3.69,28.1,79,0.8
2026-09-03T18:00:00+09:00,26.0,20.0,10.0,15.0,2,78,4.75,25.8,88,0.6
2026-09-03T19:00:00+09:00,17.0,15.0,9.0,12.0,2,55,2.91,25.2,88,0.0
2026-09-03T20:00:00+09:00,21.0,9.0,5.0,7.0,2,63,4.32,25.2,86,0.0
2026-09-03T21:00:00+09:00,14.0,8.0,5.0,6.5,2,65,3.53,26.0,84,0.0
2026-09-03T22:00:00+09:00,11.0,6.0,5.0,5.5,2,63,4.36,25.7,83,0.0
2026-09-03T23:00:00+09:00,11.0,6.0,5.0,5.5,2,54,4.87,25.1,83,0.0
2026-09-04T00:00:00+09:00,12.0,6.0,3.0,4.5,2,55,4.81,24.7,80,0.0
2026-09-04T01:00:00+09:00,10.0,3.0,1.0,2.0,2,55,5.2,24.6,79,0.0
2026-09-04T02:00:00+09:00,8.0,3.0,1.0,2.0,2,52,5.73,24.4,78,0.0
2026-09-04T03:00:00+09:00,11.0,3.0,1.0,2.0,2,48,4.67,24.9,73,0.0
2026-09-04T04:00:00+09:00,9.0,3.0,1.0,2.0,2,53,5.6,24.9,72,0.0
2026-09-04T05:00:00+09:00,9.0,2.0,1.0,1.5,2,56,6.41,24.4,72,0.0
2026-09-04T06:00:00+09:00,7.0,5.0,1.0,3.0,2,50,7.14,24.1,72,0.0
2026-09-04T07:00:00+09:00,11.0,4.0,1.0,2.5,2,51,6.93,24.0,73,0.0
2026-09-04T08:00:00+09:00,8.0,3.0,3.0,3.0,2,54,5.73,24.5,72,0.0
2026-09-04T09:00:00+09:00,10.0,2.0,4.0,3.0,2,58,6.69,25.5,64,0.0
2026-09-04T10:00:00+09:00,8.0,3.0,4.0,3.5,2,57,7.97,26.5,60,0.0
2026-09-04T11:00:00+09:00,10.0,4.0,4.0,4.0,2,61,7.86,27.3,59,0.0
2026-09-04T12:00:00+09:00,13.0,3.0,9.0,6.0,2,63,7.71,28.1,56,0.0
2026-09-04T13:00:00+09:00,10.0,5.0,14.0,9.5,2,63,7.4,28.5,55,0.0
2026-09-04T14:00:00+09:00,15.0,4.0,13.0,8.5,2,62,7.18,28.7,54,0.0
2026-09-04T15:00:00+09:00,11.0,4.0,11.0,7.5,2,63,6.19,28.7,53,0.0
2026-09-04T16:00:00+09:00,6.0,4.0,7.0,5.5,2,61,6.31,28.7,52,0.0
2026-09-04T17:00:00+09:00,7.0,3.0,1.0,2.0,2,60,6.92,27.6,55,0.0
2026-09-04T18:00:00+09:00,11.0,2.0,1.0,1.5,2,62,6.37,26.2,60,0.0
2026-09-04T19:00:00+09:00,7.0,1.0,1.0,1.0,2,58,6.45,24.8,61,0.0
2026-09-04T20:00:00+09:00,4.0,2.0,2.0,2.0,2,55,6.35,23.9,62,0.0
2026-09-04T21:00:00+09:00,8.0,5.0,1.0,3.0,2,55,4.85,23.2,59,0.0
2026-09-04T22:00:00+09:00,9.0,4.0,1.0,2.5,2,51,5.79,23.0,60,0.0
2026-09-04T23:00:00+09:00,8.0,2.0,1.0,1.5,2,50,5.78,22.9,63,0.0
2026-09-05T00:00:00+09:00,6.0,1.0,1.0,1.0,2,51,6.01,22.7,66,0.0
2026-09-05T01:00:00+09:00,8.0,1.0,1.0,1.0,2,50,5.79,22.5,68,0.0
2026-09-05T02:00:00+09:00,13.0,3.0,2.0,2.5,2,50,5.78,22.4,70,0.0
2026-09-05T03:00:00+09:00,9.0,2.0,3.0,2.5,2,49,5.07,22.3,67,0.0
2026-09-05T04:00:00+09:00,9.0,2.0,4.0,3.0,2,50,5.78,22.5,70,0.0
2026-09-05T05:00:00+09:00,17.0,2.0,5.0,3.5,2,49,6.24,22.5,71,0.0
2026-09-05T06:00:00+09:00,6.0,2.0,6.0,4.0,2,51,6.29,22.3,70,0.0
2026-09-05T07:00:00+09:00,10.0,2.0,6.0,4.0,2,53,6.53,22.4,70,0.0
2026-09-05T08:00:00+09:00,9.0,1.0,6.0,3.5,2,52,5.98,23.5,69,0.0
2026-09-05T09:00:00+09:00,9.0,1.0,4.0,2.5,2,56,6.85,25.1,64,0.0
2026-09-05T10:00:00+09:00,10.0,1.0,4.0,2.5,2,51,7.18,26.1,59,0.0
2026-09-05T11:00:00+09:00,8.0,1.0,5.0,3.0,2,55,6.87,27.4,54,0.0
2026-09-05T12:00:00+09:00,7.0,1.0,9.0,5.0,2,59,6.55,28.3,51,0.0
2026-09-05T13:00:00+09:00,6.0,2.0,9.0,5.5,2,62,6.42,28.9,49,0.0
2026-09-05T14:00:00+09:00,8.0,2.0,8.0,5.0,2,62,6.17,29.4,48,0.0
2026-09-05T15:00:00+09:00,9.0,1.0,6.0,3.5,2,58,5.91,29.1,47,0.0
2026-09-05T16:00:00+09:00,8.0,1.0,5.0,3.0,2,56,5.8,28.4,51,0.0
2026-09-05T17:00:00+09:00,11.0,1.0,4.0,2.5,2,59,5.87,27.6,56,0.0
2026-09-05T18:00:00+09:00,8.0,1.0,3.0,2.0,2,61,5.51,26.0,64,0.0
2026-09-05T19:00:00+09:00,6.0,1.0,2.0,1.5,2,63,5.28,24.7,65,0.0
2026-09-05T20:00:00+09:00,7.0,2.0,2.0,2.0,2,57,5.24,23.8,68,0.0
2026-09-05T21:00:00+09:00,6.0,3.0,1.0,2.0,2,52,4.7,23.6,62,0.0
2026-09-05T22:00:00+09:00,10.0,3.0,1.0,2.0,2,48,4.89,23.1,63,0.0
2026-09-05T23:00:00+09:00,7.0,1.0,1.0,1.0,2,45,5.34,22.9,65,0.0
2026-09-06T00:00:00+09:00,6.0,1.0,1.0,1.0,2,47,5.34,22.9,66,0.0
2026-09-06T01:00:00+09:00,8.0,2.0,1.0,1.5,2,48,5.42,22.6,68,0.0
2026-09-06T02:00:00+09:00,7.0,2.0,1.0,1.5,2,47,5.62,22.4,70,0.0
2026-09-06T03:00:00+09:00,10.0,3.0,1.0,2.0,2,35,4.7,22.3,67,0.0
2026-09-06T04:00:00+09:00,12.0,3.0,2.0,2.5,2,33,4.74,22.4,68,0.0
2026-09-06T05:00:00+09:00,8.0,2.0,1.0,1.5,2,29,4.48,22.2,70,0.0
2026-09-06T06:00:00+09:00,9.0,1.0,3.0,2.0,2,26,4.27,21.8,73,0.0
2026-09-06T07:00:00+09:00,10.0,2.0,4.0,3.0,2,30,4.57,22.5,73,0.0
2026-09-06T08:00:00+09:00,11.0,2.0,3.0,2.5,2,36,4.26,24.1,70,0.0
2026-09-06T09:00:00+09:00,15.0,2.0,5.0,3.5,2,43,5.84,26.0,59,0.0
2026-09-06T10:00:00+09:00,12.0,4.0,8.0,6.0,2,54,6.55,26.7,55,0.0
2026-09-06T11:00:00+09:00,10.0,6.0,8.0,7.0,2,63,7.16,27.6,51,0.0
2026-09-06T12:00:00+09:00,13.0,5.0,8.0,6.5,2,60,6.09,27.6,52,0.0
2026-09-06T13:00:00+09:00,9.0,4.0,11.0,7.5,2,62,5.59,28.7,46,0.0
2026-09-06T14:00:00+09:00,16.0,5.0,11.0,8.0,2,59,5.83,29.7,43,0.0
2026-09-06T15:00:00+09:00,9.0,4.0,9.0,6.5,2,54,4.76,29.9,41,0.0
2026-09-06T16:00:00+09:00,7.0,4.0,6.0,5.0,2,45,5.69,29.1,44,0.0
2026-09-06T17:00:00+09:00,12.0,3.0,4.0,3.5,2,48,5.2,28.3,47,0.0
2026-09-06T18:00:00+09:00,10.0,4.0,4.0,4.0,2,52,4.38,27.1,54,0.0
2026-09-06T19:00:00+09:00,13.0,4.0,5.0,4.5,2,52,4.56,25.6,59,0.0
2026-09-06T20:00:00+09:00,16.0,4.0,3.0,3.5,2,58,5.08,24.3,64,0.0
2026-09-06T21:00:00+09:00,11.0,7.0,2.0,4.5,2,45,4.21,24.2,61,0.0
2026-09-06T22:00:00+09:00,12.0,8.0,6.0,7.0,2,34,3.92,23.5,61,0.0
2026-09-06T23:00:00+09:00,16.0,8.0,9.0,8.5,2,28,3.69,23.1,62,0.0
2026-09-07T00:00:00+09:00,11.0,7.0,10.0,8.5,2,19,3.02,22.7,65,0.0
2026-09-07T01:00:00+09:00,18.0,6.0,11.0,8.5,2,2,2.3,21.8,70,0.0
2026-09-07T02:00:00+09:00,14.0,7.0,12.0,9.5,2,351,2.28,20.9,75,0.0
2026-09-07T03:00:00+09:00,18.0,8.0,10.0,9.0,2,345,2.64,20.5,76,0.0
2026-09-07T04:00:00+09:00,17.0,11.0,10.0,10.5,2,344,2.75,19.7,79,0.0
2026-09-07T05:00:00+09:00,16.0,10.0,13.0,11.5,2,340,2.45,19.6,78,0.0
2026-09-07T06:00:00+09:00,15.0,9.0,15.0,12.0,2,346,1.81,19.0,81,0.0
2026-09-07T07:00:00+09:00,10.0,8.0,13.0,10.5,2,348,2.4,20.4,75,0.0
2026-09-07T08:00:00+09:00,17.0,10.0,12.0,11.0,2,20,1.91,23.7,61,0.0
2026-09-07T09:00:00+09:00,14.0,12.0,11.0,11.5,2,31,2.44,26.0,54,0.0
2026-09-07T10:00:00+09:00,17.0,10.0,12.0,11.0,2,37,2.43,27.5,50,0.0
2026-09-07T11:00:00+09:00,17.0,9.0,15.0,12.0,2,33,2.09,29.0,44,0.0
2026-09-07T12:00:00+09:00,16.0,10.0,19.0,14.5,2,39,1.99,30.1,41,0.0
2026-09-07T13:00:00+09:00,15.0,10.0,21.0,15.5,2,54,1.86,30.9,40,0.0
2026-09-07T14:00:00+09:00,16.0,9.0,20.0,14.5,2,49,1.45,31.7,38,0.0
2026-09-07T15:00:00+09:00,15.0,8.0,14.0,11.0,2,53,2.0,32.1,37,0.0
2026-09-07T16:00:00+09:00,10.0,6.0,12.0,9.0,2,32,2.18,31.6,38,0.0
2026-09-07T17:00:00+09:00,14.0,9.0,11.0,10.0,2,16,1.61,31.4,38,0.0
2026-09-07T18:00:00+09:00,18.0,9.0,10.0,9.5,2,186,3.27,29.0,49,0.0
2026-09-07T19:00:00+09:00,20.0,11.0,11.0,11.0,2,195,3.58,27.2,60,0.0
2026-09-07T20:00:00+09:00,16.0,13.0,14.0,13.5,2,187,2.32,26.6,61,0.0
2026-09-07T21:00:00+09:00,23.0,9.0,16.0,12.5,2,221,2.06,25.0,73,0.0
2026-09-07T22:00:00+09:00,21.0,9.0,16.0,12.5,2,139,0.46,24.0,80,0.0
2026-09-07T23:00:00+09:00,19.0,9.0,15.0,12.0,2,77,2.3,23.4,79,0.0
2026-09-08T00:00:00+09:00,20.0,11.0,16.0,13.5,2,79,3.11,22.9,65,0.0
2026-09-08T01:00:00+09:00,18.0,10.0,15.0,12.5,2,76,2.32,21.9,64,0.0
2026-09-08T02:00:00+09:00,20.0,10.0,16.0,13.0,2,67,1.41,20.8,67,0.0
2026-09-08T03:00:00+09:00,15.0,6.0,12.0,9.0,2,8,1.41,20.4,70,0.0
2026-09-08T04:00:00+09:00,13.0,4.0,7.0,5.5,2,354,2.01,19.7,75,0.0
2026-09-08T05:00:00+09:00,16.0,6.0,2.0,4.0,2,355,2.26,19.2,79,0.0
2026-09-08T06:00:00+09:00,15.0,4.0,1.0,2.5,2,351,1.97,18.9,82,0.0
2026-09-08T07:00:00+09:00,13.0,5.0,4.0,4.5,2,356,2.06,20.0,79,0.0
2026-09-08T08:00:00+09:00,18.0,6.0,4.0,5.0,2,9,1.22,23.1,66,0.0
2026-09-08T09:00:00+09:00,17.0,5.0,8.0,6.5,2,14,1.7,25.7,57,0.0
2026-09-08T10:00:00+09:00,16.0,6.0,9.0,7.5,2,359,2.25,27.4,54,0.0
2026-09-08T11:00:00+09:00,14.0,6.0,8.0,7.0,2,360,2.25,29.0,47,0.0
2026-09-08T12:00:00+09:00,,6.0,10.0,8.0,2,11,1.58,30.2,42,0.0
2026-09-08T13:00:00+09:00,,4.0,13.0,8.5,2,56,0.72,31.0,40,0.0
2026-09-08T14:00:00+09:00,,2.0,12.0,7.0,2,90,0.5,31.5,40,0.0
2026-09-08T15:00:00+09:00,,6.0,,6.0,1,356,0.75,31.8,37,0.0
2026-09-08T16:00:00+09:00,,4.0,,4.0,1,270,0.0,31.1,38,0.0
2026-09-08T17:00:00+09:00,,4.0,11.0,7.5,2,166,1.49,29.9,43,0.0
2026-09-08T18:00:00+09:00,,10.0,6.0,8.0,2,171,3.65,27.5,56,0.0
2026-09-08T19:00:00+09:00,,11.0,1.0,6.0,2,175,3.81,25.2,68,0.0
2026-09-08T20:00:00+09:00,,9.0,1.0,5.0,2,163,1.2,24.3,73,0.0
2026-09-08T21:00:00+09:00,,8.0,2.0,5.0,2,254,0.36,24.3,73,0.0
2026-09-08T22:00:00+09:00,,6.0,8.0,7.0,2,8,0.35,23.3,75,0.0
2026-09-08T23:00:00+09:00,,6.0,9.0,7.5,2,32,0.65,22.8,80,0.0
2026-09-09T00:00:00+09:00,,6.0,11.0,8.5,2,50,0.85,22.4,81,0.0
2026-09-09T01:00:00+09:00,,5.0,12.0,8.5,2,81,2.18,22.3,72,0.0
2026-09-09T02:00:00+09:00,,4.0,9.0,6.5,2,61,1.95,21.6,70,0.0
2026-09-09T03:00:00+09:00,,5.0,5.0,5.0,2,37,2.39,21.4,70,0.0
2026-09-09T04:00:00+09:00,,4.0,4.0,4.0,2,31,3.75,21.4,67,0.0
2026-09-09T05:00:00+09:00,,2.0,6.0,4.0,2,45,3.89,21.8,69,0.0
2026-09-09T06:00:00+09:00,,2.0,4.0,3.0,2,48,4.07,21.6,71,0.0
2026-09-09T07:00:00+09:00,,4.0,4.0,4.0,2,53,4.39,22.0,69,0.0
2026-09-09T08:00:00+09:00,,6.0,4.0,5.0,2,57,5.56,23.1,64,0.0
2026-09-09T09:00:00+09:00,,6.0,6.0,6.0,2,58,4.9,24.8,56,0.0
2026-09-09T10:00:00+09:00,,5.0,6.0,5.5,2,60,5.49,25.6,51,0.0
2026-09-09T11:00:00+09:00,,3.0,4.0,3.5,2,58,5.52,26.7,46,0.0
2026-09-09T12:00:00+09:00,,3.0,4.0,3.5,2,58,5.01,27.5,43,0.0
2026-09-09T13:00:00+09:00,,3.0,5.0,4.0,2,54,4.08,29.2,38,0.0
2026-09-09T14:00:00+09:00,,2.0,6.0,4.0,2,62,4.59,29.4,38,0.0
2026-09-09T15:00:00+09:00,,3.0,6.0,4.5,2,73,6.01,26.5,48,0.0
2026-09-09T16:00:00+09:00,11.0,4.0,3.0,3.5,2,62,6.13,25.5,51,0.0
2026-09-09T17:00:00+09:00,9.0,4.0,1.0,2.5,2,62,6.04,24.7,52,0.0
2026-09-09T18:00:00+09:00,10.0,4.0,1.0,2.5,2,63,5.77,23.8,54,0.0
2026-09-09T19:00:00+09:00,11.0,3.0,1.0,2.0,2,63,5.7,22.8,57,0.0
2026-09-09T20:00:00+09:00,11.0,1.0,4.0,2.5,2,65,5.84,22.1,59,0.0
2026-09-09T21:00:00+09:00,12.0,1.0,4.0,2.5,2,62,4.72,21.3,60,0.0
2026-09-09T22:00:00+09:00,15.0,2.0,3.0,2.5,2,60,4.84,20.7,61,0.0
2026-09-09T23:00:00+09:00,7.0,1.0,3.0,2.0,2,59,4.91,20.2,61,0.0
2026-09-10T00:00:00+09:00,13.0,1.0,2.0,1.5,2,53,4.32,19.8,62,0.0
2026-09-10T01:00:00+09:00,8.0,1.0,1.0,1.0,2,51,3.77,19.5,62,0.0
2026-09-10T02:00:00+09:00,8.0,1.0,2.0,1.5,2,50,3.34,19.2,62,0.0
2026-09-10T03:00:00+09:00,12.0,1.0,2.0,1.5,2,43,2.8,18.7,64,0.0
2026-09-10T04:00:00+09:00,9.0,2.0,1.0,1.5,2,47,2.72,18.4,64,0.0
2026-09-10T05:00:00+09:00,9.0,1.0,1.0,1.0,2,50,3.37,18.6,62,0.0
2026-09-10T06:00:00+09:00,14.0,1.0,1.0,1.0,2,42,3.79,18.7,63,0.0
2026-09-10T07:00:00+09:00,13.0,1.0,1.0,1.0,2,44,4.35,19.4,63,0.0
2026-09-10T08:00:00+09:00,12.0,1.0,3.0,2.0,2,46,4.6,21.0,60,0.0
2026-09-10T09:00:00+09:00,10.0,1.0,4.0,2.5,2,59,4.71,23.2,51,0.0
2026-09-10T10:00:00+09:00,14.0,2.0,5.0,3.5,2,68,4.89,24.2,49,0.0
2026-09-10T11:00:00+09:00,11.0,2.0,5.0,3.5,2,72,4.74,25.3,47,0.0
2026-09-10T12:00:00+09:00,9.0,2.0,4.0,3.0,2,73,4.33,26.2,44,0.0
2026-09-10T13:00:00+09:00,14.0,2.0,3.0,2.5,2,66,2.62,27.7,39,0.0
2026-09-10T14:00:00+09:00,9.0,1.0,5.0,3.0,2,56,2.34,28.5,36,0.0
2026-09-10T15:00:00+09:00,8.0,1.0,5.0,3.0,2,57,1.48,28.3,36,0.0
2026-09-10T16:00:00+09:00,9.0,1.0,6.0,3.5,2,48,1.35,28.1,36,0.0
2026-09-10T17:00:00+09:00,12.0,1.0,4.0,2.5,2,106,1.98,27.2,38,0.0
2026-09-10T18:00:00+09:00,10.0,1.0,4.0,2.5,2,138,2.09,26.2,43,0.0
2026-09-10T19:00:00+09:00,14.0,5.0,3.0,4.0,2,132,1.49,24.8,51,0.0
2026-09-10T20:00:00+09:00,16.0,5.0,6.0,5.5,2,142,0.82,24.0,59,0.0
2026-09-10T21:00:00+09:00,13.0,7.0,12.0,9.5,2,86,1.4,23.8,51,0.0
2026-09-10T22:00:00+09:00,15.0,6.0,14.0,10.0,2,76,2.73,23.2,54,0.0
2026-09-10T23:00:00+09:00,17.0,4.0,16.0,10.0,2,66,2.8,22.5,57,0.0
2026-09-11T00:00:00+09:00,14.0,3.0,13.0,8.0,2,64,2.55,22.1,58,0.0
2026-09-11T01:00:00+09:00,12.0,2.0,11.0,6.5,2,44,1.94,21.8,58,0.0
2026-09-11T02:00:00+09:00,12.0,4.0,11.0,7.5,2,34,2.05,21.3,62,0.0
2026-09-11T03:00:00+09:00,10.0,3.0,9.0,6.0,2,5,1.76,20.6,68,0.0
2026-09-11T04:00:00+09:00,11.0,1.0,6.0,3.5,2,360,1.7,20.5,71,0.0
2026-09-11T05:00:00+09:00,11.0,2.0,4.0,3.0,2,5,1.76,20.4,75,0.0
2026-09-11T06:00:00+09:00,11.0,3.0,3.0,3.0,2,4,1.3,20.0,79,0.0
2026-09-11T07:00:00+09:00,13.0,2.0,3.0,2.5,2,13,1.33,20.2,81,0.0
2026-09-11T08:00:00+09:00,14.0,2.0,3.0,2.5,2,54,1.36,22.2,66,0.0
2026-09-11T09:00:00+09:00,16.0,4.0,4.0,4.0,2,75,1.92,24.0,56,0.0
2026-09-11T10:00:00+09:00,14.0,5.0,6.0,5.5,2,81,1.62,25.2,53,0.0
2026-09-11T11:00:00+09:00,10.0,4.0,5.0,4.5,2,86,1.4,26.5,49,0.0
2026-09-11T12:00:00+09:00,9.0,4.0,4.0,4.0,2,111,1.23,27.6,46,0.0
2026-09-11T13:00:00+09:00,14.0,4.0,7.0,5.5,2,131,1.59,28.4,44,0.0
2026-09-11T14:00:00+09:00,15.0,4.0,9.0,6.5,2,140,1.77,29.0,42,0.0
2026-09-11T15:00:00+09:00,16.0,6.0,9.0,7.5,2,151,2.46,29.4,40,0.0
2026-09-11T16:00:00+09:00,19.0,6.0,7.0,6.5,2,149,4.15,27.9,47,0.0
2026-09-11T17:00:00+09:00,18.0,6.0,7.0,6.5,2,160,4.1,26.6,51,0.0
2026-09-11T18:00:00+09:00,21.0,9.0,8.0,8.5,2,174,3.52,25.4,54,0.0
2026-09-11T19:00:00+09:00,14.0,9.0,6.0,7.5,2,153,2.46,24.0,63,0.0
2026-09-11T20:00:00+09:00,10.0,7.0,6.0,6.5,2,148,2.54,23.4,70,0.0
2026-09-11T21:00:00+09:00,12.0,5.0,11.0,8.0,2,160,1.33,23.1,71,0.0
2026-09-11T22:00:00+09:00,12.0,5.0,13.0,9.0,2,188,0.71,22.1,77,0.0
2026-09-11T23:00:00+09:00,21.0,5.0,13.0,9.0,2,305,0.61,21.6,77,0.0
2026-09-12T00:00:00+09:00,19.0,6.0,13.0,9.5,2,333,0.34,21.2,78,0.0
2026-09-12T01:00:00+09:00,20.0,8.0,12.0,10.0,2,349,0.81,20.5,82,0.0
2026-09-12T02:00:00+09:00,17.0,7.0,8.0,7.5,2,360,1.15,19.9,86,0.0
2026-09-12T03:00:00+09:00,17.0,8.0,8.0,8.0,2,352,1.11,19.7,88,0.0
2026-09-12T04:00:00+09:00,18.0,6.0,10.0,8.0,2,357,1.05,19.2,89,0.0
2026-09-12T05:00:00+09:00,16.0,5.0,11.0,8.0,2,353,1.16,18.7,90,0.0
2026-09-12T06:00:00+09:00,18.0,6.0,11.0,8.5,2,355,1.25,18.5,90,0.0
2026-09-12T07:00:00+09:00,12.0,5.0,13.0,9.0,2,1,1.95,19.6,85,0.0
2026-09-12T08:00:00+09:00,19.0,6.0,13.0,9.5,2,31,1.35,22.8,70,0.0
2026-09-12T09:00:00+09:00,15.0,5.0,13.0,9.0,2,54,1.11,24.8,60,0.0
2026-09-12T10:00:00+09:00,14.0,4.0,11.0,7.5,2,92,1.25,26.4,50,0.0
2026-09-12T11:00:00+09:00,17.0,5.0,11.0,8.0,2,107,1.88,27.7,43,0.0
2026-09-12T12:00:00+09:00,9.0,5.0,17.0,11.0,2,122,2.18,28.7,39,0.0
2026-09-12T13:00:00+09:00,11.0,5.0,18.0,11.5,2,131,1.98,29.5,36,0.0
2026-09-12T14:00:00+09:00,13.0,5.0,11.0,8.0,2,145,2.44,29.9,35,0.0
2026-09-12T15:00:00+09:00,12.0,3.0,3.0,3.0,2,158,2.96,29.6,37,0.0
2026-09-12T16:00:00+09:00,16.0,2.0,1.0,1.5,2,158,3.39,28.6,44,0.0
2026-09-12T17:00:00+09:00,20.0,7.0,2.0,4.5,2,155,3.98,27.2,52,0.0
2026-09-12T18:00:00+09:00,17.0,9.0,5.0,7.0,2,152,3.29,25.5,57,0.0
2026-09-12T19:00:00+09:00,14.0,7.0,5.0,6.0,2,161,2.32,24.3,66,0.0
2026-09-12T20:00:00+09:00,15.0,6.0,3.0,4.5,2,166,1.24,23.4,74,0.0
2026-09-12T21:00:00+09:00,11.0,6.0,6.0,6.0,2,143,0.75,23.4,76,0.0
2026-09-12T22:00:00+09:00,19.0,7.0,10.0,8.5,2,146,0.18,23.0,78,0.0
2026-09-12T23:00:00+09:00,19.0,7.0,12.0,9.5,2,333,0.34,22.5,78,0.0
2026-09-13T00:00:00+09:00,17.0,9.0,9.0,9.0,2,344,0.73,21.9,80,0.0
2026-09-13T01:00:00+09:00,17.0,8.0,9.0,8.5,2,356,0.7,21.4,82,0.0
2026-09-13T02:00:00+09:00,15.0,6.0,9.0,7.5,2,347,0.67,21.0,83,0.0
2026-09-13T03:00:00+09:00,16.0,8.0,8.0,8.0,2,340,1.87,20.6,85,0.0
2026-09-13T04:00:00+09:00,12.0,8.0,7.0,7.5,2,339,2.14,20.3,84,0.0
2026-09-13T05:00:00+09:00,16.0,6.0,7.0,6.5,2,343,2.4,20.3,82,0.0
2026-09-13T06:00:00+09:00,11.0,6.0,6.0,6.0,2,342,2.37,20.1,81,0.0
2026-09-13T07:00:00+09:00,17.0,5.0,6.0,5.5,2,342,2.42,21.0,76,0.0
2026-09-13T08:00:00+09:00,17.0,8.0,9.0,8.5,2,345,1.55,23.6,63,0.0
2026-09-13T09:00:00+09:00,14.0,8.0,13.0,10.5,2,32,0.65,25.9,54,0.0
2026-09-13T10:00:00+09:00,16.0,8.0,14.0,11.0,2,176,0.65,27.2,51,0.0
2026-09-13T11:00:00+09:00,16.0,6.0,16.0,11.0,2,209,1.54,28.4,48,0.0
2026-09-13T12:00:00+09:00,14.0,10.0,23.0,16.5,2,207,1.79,29.4,44,0.0
2026-09-13T13:00:00+09:00,14.0,10.0,30.0,20.0,2,217,1.75,30.6,39,0.0
2026-09-13T14:00:00+09:00,16.0,15.0,25.0,20.0,2,197,1.93,31.8,34,0.0
2026-09-13T15:00:00+09:00,12.0,17.0,14.0,15.5,2,171,3.34,30.3,46,0.0
2026-09-13T16:00:00+09:00,9.0,13.0,8.0,10.5,2,173,4.38,28.7,56,0.0
2026-09-13T17:00:00+09:00,11.0,10.0,5.0,7.5,2,194,4.06,28.3,55,0.0
2026-09-13T18:00:00+09:00,16.0,8.0,4.0,6.0,2,214,2.84,27.7,54,0.0
2026-09-13T19:00:00+09:00,13.0,7.0,3.0,5.0,2,195,2.12,26.3,62,0.0
2026-09-13T20:00:00+09:00,21.0,7.0,2.0,4.5,2,319,1.84,24.8,66,0.0
2026-09-13T21:00:00+09:00,12.0,4.0,4.0,4.0,2,325,4.74,23.7,65,0.0
2026-09-13T22:00:00+09:00,16.0,5.0,6.0,5.5,2,329,4.71,22.9,66,0.0
2026-09-13T23:00:00+09:00,15.0,6.0,10.0,8.0,2,329,4.91,22.7,65,0.0
2026-09-14T00:00:00+09:00,16.0,8.0,10.0,9.0,2,331,4.48,22.2,65,0.0
2026-09-14T01:00:00+09:00,18.0,8.0,10.0,9.0,2,331,4.68,21.7,66,0.0
2026-09-14T02:00:00+09:00,13.0,6.0,11.0,8.5,2,334,5.05,21.3,67,0.0
2026-09-14T03:00:00+09:00,11.0,7.0,11.0,9.0,2,335,5.06,21.1,69,0.0
2026-09-14T04:00:00+09:00,13.0,8.0,13.0,10.5,2,339,4.78,20.8,70,0.0
2026-09-14T05:00:00+09:00,13.0,9.0,9.0,9.0,2,336,5.33,20.7,70,0.0
2026-09-14T06:00:00+09:00,17.0,8.0,7.0,7.5,2,336,5.48,20.5,70,0.0
2026-09-14T07:00:00+09:00,17.0,9.0,6.0,7.5,2,337,5.09,20.7,70,0.0
2026-09-14T08:00:00+09:00,19.0,10.0,8.0,9.0,2,339,4.34,22.5,64,0.0
2026-09-14T09:00:00+09:00,19.0,7.0,14.0,10.5,2,356,3.46,25.7,46,0.0
2026-09-14T10:00:00+09:00,16.0,9.0,18.0,13.5,2,7,2.57,27.4,38,0.0
2026-09-14T11:00:00+09:00,14.0,10.0,20.0,15.0,2,343,2.72,28.6,33,0.0
2026-09-14T12:00:00+09:00,15.0,8.0,18.0,13.0,2,330,2.78,29.3,31,0.0
2026-09-14T13:00:00+09:00,15.0,,16.0,16.0,1,330,3.0,29.9,29,0.0
2026-09-14T14:00:00+09:00,10.0,9.0,14.0,11.5,2,329,3.14,30.4,28,0.0
2026-09-14T15:00:00+09:00,12.0,7.0,12.0,9.5,2,318,2.41,30.7,27,0.0
2026-09-14T16:00:00+09:00,13.0,8.0,11.0,9.5,2,327,2.63,30.3,29,0.0
2026-09-14T17:00:00+09:00,13.0,9.0,10.0,9.5,2,329,4.26,29.5,33,0.0
2026-09-14T18:00:00+09:00,12.0,13.0,9.0,11.0,2,336,4.92,27.7,46,0.0
2026-09-14T19:00:00+09:00,11.0,13.0,6.0,9.5,2,340,5.17,24.8,61,0.0
2026-09-14T20:00:00+09:00,21.0,11.0,1.0,6.0,2,337,5.33,23.5,67,0.0
2026-09-14T21:00:00+09:00,24.0,8.0,2.0,5.0,2,339,4.54,23.6,72,0.0
2026-09-14T22:00:00+09:00,20.0,9.0,9.0,9.0,2,338,4.53,22.7,76,0.0
2026-09-14T23:00:00+09:00,23.0,10.0,15.0,12.5,2,335,4.68,21.6,81,0.0
2026-09-15T00:00:00+09:00,21.0,7.0,18.0,12.5,2,340,4.41,20.9,83,0.0
2026-09-15T01:00:00+09:00,21.0,9.0,16.0,12.5,2,339,3.97,20.5,84,0.0
2026-09-15T02:00:00+09:00,25.0,10.0,19.0,14.5,2,340,3.58,20.1,85,0.0
2026-09-15T03:00:00+09:00,27.0,10.0,22.0,16.0,2,337,3.05,20.1,85,0.0
2026-09-15T04:00:00+09:00,29.0,10.0,21.0,15.5,2,339,2.83,19.9,86,0.0
2026-09-15T05:00:00+09:00,24.0,8.0,20.0,14.0,2,340,2.61,19.6,87,0.0
2026-09-15T06:00:00+09:00,25.0,9.0,22.0,15.5,2,338,2.31,19.4,87,0.0
2026-09-15T07:00:00+09:00,31.0,12.0,22.0,17.0,2,332,2.33,20.3,83,0.0
2026-09-15T08:00:00+09:00,23.0,15.0,17.0,16.0,2,328,2.07,22.0,74,0.0
2026-09-15T09:00:00+09:00,25.0,11.0,15.0,13.0,2,358,1.3,24.7,59,0.0
2026-09-15T10:00:00+09:00,27.0,18.0,13.0,15.5,2,59,0.87,26.2,53,0.0
2026-09-15T11:00:00+09:00,21.0,13.0,11.0,12.0,2,126,0.43,27.3,48,0.0
2026-09-15T12:00:00+09:00,19.0,11.0,12.0,11.5,2,207,0.56,28.3,44,0.0
2026-09-15T13:00:00+09:00,23.0,11.0,15.0,13.0,2,232,0.89,29.1,40,0.0
2026-09-15T14:00:00+09:00,22.0,11.0,15.0,13.0,2,232,1.21,29.3,39,0.0
2026-09-15T15:00:00+09:00,24.0,14.0,13.0,13.5,2,198,2.26,29.6,39,0.0
2026-09-15T16:00:00+09:00,21.0,15.0,13.0,14.0,2,199,2.8,28.9,41,0.0
2026-09-15T17:00:00+09:00,24.0,14.0,15.0,14.5,2,194,2.89,28.4,43,0.0
2026-09-15T18:00:00+09:00,22.0,16.0,16.0,16.0,2,178,3.0,27.5,47,0.0
2026-09-15T19:00:00+09:00,26.0,15.0,14.0,14.5,2,198,2.15,25.8,56,0.0
2026-09-15T20:00:00+09:00,24.0,16.0,16.0,16.0,2,208,1.48,25.1,60,0.0
2026-09-15T21:00:00+09:00,25.0,11.0,20.0,15.5,2,261,0.96,24.3,63,0.0
2026-09-15T22:00:00+09:00,27.0,19.0,18.0,18.5,2,360,0.45,23.8,67,0.0
2026-09-15T23:00:00+09:00,27.0,10.0,13.0,11.5,2,106,0.73,22.9,70,0.0
2026-09-16T00:00:00+09:00,29.0,11.0,11.0,11.0,2,115,0.94,22.5,77,0.0
2026-09-16T01:00:00+09:00,22.0,11.0,12.0,11.5,2,77,0.67,21.9,84,0.0
2026-09-16T02:00:00+09:00,19.0,12.0,16.0,14.0,2,355,0.55,21.5,85,0.0
2026-09-16T03:00:00+09:00,20.0,12.0,17.0,14.5,2,347,1.95,21.5,79,0.0
2026-09-16T04:00:00+09:00,17.0,9.0,13.0,11.0,2,351,1.97,21.0,79,0.0
2026-09-16T05:00:00+09:00,22.0,10.0,13.0,11.5,2,357,2.0,20.7,80,0.0
2026-09-16T06:00:00+09:00,23.0,9.0,12.0,10.5,2,6,1.96,20.3,81,0.0
2026-09-16T07:00:00+09:00,24.0,9.0,11.0,10.0,2,359,2.05,20.7,79,0.0
2026-09-16T08:00:00+09:00,20.0,9.0,10.0,9.5,2,20,1.44,23.1,67,0.0
2026-09-16T09:00:00+09:00,22.0,11.0,10.0,10.5,2,70,3.13,25.5,58,0.0
2026-09-16T10:00:00+09:00,17.0,12.0,12.0,12.0,2,76,3.97,26.5,51,0.0
2026-09-16T11:00:00+09:00,17.0,8.0,13.0,10.5,2,78,3.79,27.4,46,0.0
2026-09-16T12:00:00+09:00,11.0,8.0,15.0,11.5,2,82,3.08,28.7,40,0.0
2026-09-16T13:00:00+09:00,,6.0,14.0,10.0,2,80,2.75,29.5,36,0.0
2026-09-16T14:00:00+09:00,,9.0,13.0,11.0,2,67,3.25,29.8,34,0.0
2026-09-16T15:00:00+09:00,14.0,9.0,9.0,9.0,2,71,3.07,29.6,34,0.0
2026-09-16T16:00:00+09:00,16.0,9.0,6.0,7.5,2,73,3.29,28.9,35,0.0
2026-09-16T17:00:00+09:00,15.0,7.0,4.0,5.5,2,93,2.2,28.0,36,0.0
2026-09-16T18:00:00+09:00,15.0,9.0,3.0,6.0,2,166,0.62,27.2,39,0.0
2026-09-16T19:00:00+09:00,16.0,10.0,1.0,5.5,2,164,2.29,25.1,52,0.0
2026-09-16T20:00:00+09:00,16.0,6.0,7.0,6.5,2,120,2.71,24.0,57,0.0
2026-09-16T21:00:00+09:00,14.0,5.0,15.0,10.0,2,71,2.17,23.6,58,0.0
2026-09-16T22:00:00+09:00,14.0,6.0,10.0,8.0,2,66,3.99,23.0,51,0.0
2026-09-16T23:00:00+09:00,21.0,8.0,5.0,6.5,2,63,4.34,22.0,53,0.0
2026-09-17T00:00:00+09:00,21.0,6.0,7.0,6.5,2,57,3.9,21.1,58,0.0
2026-09-17T01:00:00+09:00,12.0,6.0,8.0,7.0,2,51,3.8,20.6,62,0.0
2026-09-17T02:00:00+09:00,12.0,5.0,6.0,5.5,2,39,2.91,20.0,65,0.0
2026-09-17T03:00:00+09:00,7.0,5.0,2.0,3.5,2,23,2.98,19.4,64,0.0
2026-09-17T04:00:00+09:00,10.0,3.0,1.0,2.0,2,11,3.21,19.1,63,0.0
2026-09-17T05:00:00+09:00,13.0,2.0,1.0,1.5,2,16,3.32,19.2,62,0.0
2026-09-17T06:00:00+09:00,10.0,4.0,1.0,2.5,2,26,3.71,19.5,64,0.0
2026-09-17T07:00:00+09:00,15.0,3.0,2.0,2.5,2,29,4.19,20.4,65,0.0
2026-09-17T08:00:00+09:00,15.0,4.0,2.0,3.0,2,33,3.8,22.7,59,0.0
2026-09-17T09:00:00+09:00,13.0,4.0,4.0,4.0,2,57,5.02,24.4,54,0.0
2026-09-17T10:00:00+09:00,16.0,2.0,4.0,3.0,2,67,5.53,25.6,50,0.0
2026-09-17T11:00:00+09:00,10.0,2.0,5.0,3.5,2,67,5.69,26.9,47,0.0
2026-09-17T12:00:00+09:00,8.0,3.0,6.0,4.5,2,75,5.65,28.3,42,0.0
2026-09-17T13:00:00+09:00,9.0,2.0,7.0,4.5,2,80,5.29,29.6,36,0.0
2026-09-17T14:00:00+09:00,9.0,2.0,10.0,6.0,2,77,5.14,29.6,35,0.0
2026-09-17T15:00:00+09:00,11.0,4.0,10.0,7.0,2,74,5.0,29.2,37,0.0
2026-09-17T16:00:00+09:00,12.0,4.0,7.0,5.5,2,53,6.11,26.7,44,0.0
2026-09-17T17:00:00+09:00,16.0,4.0,4.0,4.0,2,56,4.33,26.6,43,0.0
2026-09-17T18:00:00+09:00,8.0,6.0,4.0,5.0,2,65,4.14,26.3,43,0.0
2026-09-17T19:00:00+09:00,17.0,5.0,6.0,5.5,2,74,5.46,25.2,46,0.0
2026-09-17T20:00:00+09:00,14.0,2.0,5.0,3.5,2,67,5.38,24.1,50,0.0
2026-09-17T21:00:00+09:00,9.0,2.0,6.0,4.0,2,63,5.52,23.6,49,0.0
2026-09-17T22:00:00+09:00,10.0,3.0,7.0,5.0,2,50,4.69,23.1,53,0.0
2026-09-17T23:00:00+09:00,9.0,5.0,4.0,4.5,2,52,5.2,22.7,58,0.0
2026-09-18T00:00:00+09:00,9.0,4.0,3.0,3.5,2,47,5.09,22.4,62,0.0
2026-09-18T01:00:00+09:00,10.0,1.0,3.0,2.0,2,50,5.08,22.5,64,0.0
2026-09-18T02:00:00+09:00,11.0,3.0,2.0,2.5,2,48,4.64,22.7,62,0.0
2026-09-18T03:00:00+09:00,8.0,3.0,3.0,3.0,2,44,4.84,21.6,69,0.0
2026-09-18T04:00:00+09:00,15.0,1.0,3.0,2.0,2,52,4.74,22.4,65,0.0
2026-09-18T05:00:00+09:00,14.0,3.0,5.0,4.0,2,55,4.56,22.6,65,0.0
2026-09-18T06:00:00+09:00,13.0,5.0,8.0,6.5,2,54,4.72,21.8,72,0.3
2026-09-18T07:00:00+09:00,13.0,5.0,10.0,7.5,2,52,4.92,21.0,81,0.5
2026-09-18T08:00:00+09:00,12.0,5.0,11.0,8.0,2,61,5.4,21.1,82,0.3
2026-09-18T09:00:00+09:00,12.0,5.0,9.0,7.0,2,61,4.3,21.5,89,0.0
2026-09-18T10:00:00+09:00,10.0,3.0,6.0,4.5,2,55,4.95,23.2,74,0.0
2026-09-18T11:00:00+09:00,12.0,4.0,8.0,6.0,2,57,5.46,25.4,60,0.0
2026-09-18T12:00:00+09:00,16.0,3.0,11.0,7.0,2,64,4.63,25.9,59,0.0
2026-09-18T13:00:00+09:00,11.0,2.0,11.0,6.5,2,67,4.66,27.9,52,0.0
2026-09-18T14:00:00+09:00,10.0,3.0,8.0,5.5,2,65,4.63,28.5,48,0.0
2026-09-18T15:00:00+09:00,7.0,4.0,6.0,5.0,2,77,5.19,28.5,48,0.0
2026-09-18T16:00:00+09:00,16.0,4.0,5.0,4.5,2,80,5.08,27.0,56,0.0
2026-09-18T17:00:00+09:00,11.0,4.0,6.0,5.0,2,75,4.15,26.9,56,0.0
2026-09-18T18:00:00+09:00,10.0,3.0,4.0,3.5,2,66,3.67,26.2,57,0.0
2026-09-18T19:00:00+09:00,15.0,2.0,5.0,3.5,2,52,3.38,24.8,61,0.0
2026-09-18T20:00:00+09:00,14.0,3.0,5.0,4.0,2,54,4.12,24.1,64,0.0
2026-09-18T21:00:00+09:00,16.0,2.0,8.0,5.0,2,63,4.34,23.1,68,0.0
2026-09-18T22:00:00+09:00,10.0,4.0,11.0,7.5,2,58,3.48,22.4,70,0.0
2026-09-18T23:00:00+09:00,16.0,4.0,9.0,6.5,2,48,3.75,22.1,72,0.0
2026-09-19T00:00:00+09:00,12.0,4.0,7.0,5.5,2,49,3.97,22.0,74,0.0
2026-09-19T01:00:00+09:00,13.0,4.0,8.0,6.0,2,46,3.78,21.6,75,0.0
2026-09-19T02:00:00+09:00,9.0,4.0,9.0,6.5,2,33,2.97,21.2,76,0.0
2026-09-19T03:00:00+09:00,16.0,5.0,8.0,6.5,2,14,2.84,20.7,75,0.0
2026-09-19T04:00:00+09:00,11.0,4.0,7.0,5.5,2,353,2.62,19.9,80,0.0
2026-09-19T05:00:00+09:00,11.0,5.0,7.0,6.0,2,352,2.07,19.4,84,0.0
2026-09-19T06:00:00+09:00,12.0,4.0,5.0,4.5,2,354,1.81,19.2,85,0.0
2026-09-19T07:00:00+09:00,13.0,6.0,5.0,5.5,2,6,2.36,20.2,80,0.0
2026-09-19T08:00:00+09:00,17.0,5.0,5.0,5.0,2,35,2.76,23.2,66,0.0
2026-09-19T09:00:00+09:00,16.0,3.0,6.0,4.5,2,44,2.83,25.1,60,0.0
2026-09-19T10:00:00+09:00,11.0,3.0,7.0,5.0,2,52,3.03,26.4,57,0.1
2026-09-19T11:00:00+09:00,15.0,4.0,8.0,6.0,2,60,2.71,27.3,54,0.0
2026-09-19T12:00:00+09:00,12.0,4.0,8.0,6.0,2,78,3.02,27.7,52,0.0
2026-09-19T13:00:00+09:00,12.0,4.0,9.0,6.5,2,79,2.85,29.3,47,0.0
2026-09-19T14:00:00+09:00,11.0,5.0,9.0,7.0,2,80,2.75,29.5,46,0.0
2026-09-19T15:00:00+09:00,10.0,5.0,11.0,8.0,2,78,1.94,29.4,47,0.0
2026-09-19T16:00:00+09:00,10.0,6.0,9.0,7.5,2,96,1.96,29.2,47,0.0
2026-09-19T17:00:00+09:00,14.0,5.0,8.0,6.5,2,79,2.8,28.3,49,0.0
2026-09-19T18:00:00+09:00,17.0,5.0,6.0,5.5,2,66,3.49,26.8,56,0.0
2026-09-19T19:00:00+09:00,11.0,6.0,7.0,6.5,2,63,2.3,25.6,60,0.0
2026-09-19T20:00:00+09:00,10.0,8.0,7.0,7.5,2,63,2.64,24.7,63,0.0
2026-09-19T21:00:00+09:00,16.0,8.0,6.0,7.0,2,71,4.38,24.4,64,0.0
2026-09-19T22:00:00+09:00,14.0,7.0,5.0,6.0,2,57,2.79,23.3,69,0.0
2026-09-19T23:00:00+09:00,18.0,7.0,6.0,6.5,2,54,2.65,22.5,72,0.0
2026-09-20T00:00:00+09:00,17.0,6.0,8.0,7.0,2,52,2.35,21.8,75,0.0
2026-09-20T01:00:00+09:00,5.0,3.0,9.0,6.0,2,36,1.86,21.1,79,0.0
2026-09-20T02:00:00+09:00,17.0,3.0,8.0,5.5,2,16,1.77,20.3,84,0.0
2026-09-20T03:00:00+09:00,13.0,7.0,8.0,7.5,2,4,2.11,19.7,86,0.0
2026-09-20T04:00:00+09:00,13.0,5.0,4.0,4.5,2,6,1.81,19.0,90,0.0
2026-09-20T05:00:00+09:00,16.0,5.0,2.0,3.5,2,2,1.55,18.8,90,0.0
2026-09-20T06:00:00+09:00,16.0,6.0,2.0,4.0,2,348,1.23,18.5,91,0.0
2026-09-20T07:00:00+09:00,16.0,5.0,1.0,3.0,2,343,1.41,19.2,89,0.0
2026-09-20T08:00:00+09:00,14.0,3.0,2.0,2.5,2,21,0.7,22.4,67,0.0
2026-09-20T09:00:00+09:00,14.0,4.0,6.0,5.0,2,63,1.41,24.8,57,0.0
2026-09-20T10:00:00+09:00,14.0,6.0,9.0,7.5,2,71,1.38,26.2,52,0.0
2026-09-20T11:00:00+09:00,11.0,6.0,7.0,6.5,2,67,1.25,28.1,46,0.0
2026-09-20T12:00:00+09:00,11.0,4.0,6.0,5.0,2,82,1.11,29.5,39,0.0
2026-09-20T13:00:00+09:00,11.0,4.0,5.0,4.5,2,99,0.61,30.2,38,0.0
2026-09-20T14:00:00+09:00,19.0,4.0,6.0,5.0,2,104,0.21,30.9,35,0.0
2026-09-20T15:00:00+09:00,15.0,3.0,5.0,4.0,2,135,1.27,30.5,37,0.0
2026-09-20T16:00:00+09:00,6.0,3.0,4.0,3.5,2,185,1.2,30.2,37,0.0
2026-09-20T17:00:00+09:00,16.0,4.0,5.0,4.5,2,203,3.16,28.7,45,0.0
2026-09-20T18:00:00+09:00,12.0,4.0,5.0,4.5,2,203,3.2,26.9,50,0.0
2026-09-20T19:00:00+09:00,14.0,4.0,2.0,3.0,2,219,1.28,25.2,57,0.0
2026-09-20T20:00:00+09:00,15.0,5.0,2.0,3.5,2,239,0.29,24.2,66,0.0
2026-09-20T21:00:00+09:00,17.0,7.0,8.0,7.5,2,141,0.64,23.7,73,0.0
2026-09-20T22:00:00+09:00,14.0,6.0,12.0,9.0,2,167,0.67,22.6,79,0.0
2026-09-20T23:00:00+09:00,21.0,4.0,12.0,8.0,2,270,0.35,21.8,83,0.0
